{
    "Ar36": {
        "error": 0.0010013095109011581, 
        "fit": "parabolic", 
        "value": 0.0022120996001242735
    }, 
    "Ar37": {
        "error": 0.053557717315948411, 
        "fit": "linear", 
        "value": 0.15908248136847547
    }, 
    "Ar38": {
        "error": 0.29489666768796274, 
        "fit": "linear", 
        "value": 0.15259129468984994
    }, 
    "Ar39": {
        "error": 0.058528698608320787, 
        "fit": "parabolic", 
        "value": 6.2360838000865195
    }, 
    "Ar40": {
        "error": 0.088766764026179806, 
        "fit": "parabolic", 
        "value": 84.013816199474661
    }, 
    "Ar41": {
        "error": 0.12830981750854975, 
        "fit": "average_SEM", 
        "value": 0.030303565100184643
    }
}