{
    "Ar36": {
        "error": 0.0010948629954493356, 
        "fit": "parabolic", 
        "value": 0.0021786248015829759
    }, 
    "Ar37": {
        "error": 0.051304251577095381, 
        "fit": "linear", 
        "value": 0.15902061929324807
    }, 
    "Ar38": {
        "error": 0.19963145381781178, 
        "fit": "linear", 
        "value": -0.13927102159223212
    }, 
    "Ar39": {
        "error": 0.0615002200463741, 
        "fit": "parabolic", 
        "value": 6.2201041609147874
    }, 
    "Ar40": {
        "error": 0.092853440174874402, 
        "fit": "parabolic", 
        "value": 83.792848812549266
    }, 
    "Ar41": {
        "error": 0.12498440464254383, 
        "fit": "average_SEM", 
        "value": -0.094782054985601771
    }
}