{
    "Ar36": {
        "error": 0.0022992091982382092, 
        "fit": "parabolic", 
        "value": 0.028904755785097859
    }, 
    "Ar37": {
        "error": 0.050476565980069187, 
        "fit": "linear", 
        "value": 0.1567569611024543
    }, 
    "Ar38": {
        "error": 0.22827549466030758, 
        "fit": "linear", 
        "value": 1.0518647648218082
    }, 
    "Ar39": {
        "error": 0.1077078085738491, 
        "fit": "parabolic", 
        "value": 98.487506587711096
    }, 
    "Ar40": {
        "error": 0.31840064192975281, 
        "fit": "parabolic", 
        "value": 1358.8975863573626
    }, 
    "Ar41": {
        "error": 0.12825930026308355, 
        "fit": "average_SEM", 
        "value": 0.12208423559452058
    }
}