{
    "Ar36": {
        "error": 0.0022800745259820318, 
        "fit": "parabolic", 
        "value": 0.028631365507215789
    }, 
    "Ar37": {
        "error": 0.051012353677105771, 
        "fit": "linear", 
        "value": 0.1660926680004729
    }, 
    "Ar38": {
        "error": 0.3147554425617699, 
        "fit": "linear", 
        "value": 1.1799748718678407
    }, 
    "Ar39": {
        "error": 0.097769310572681428, 
        "fit": "parabolic", 
        "value": 98.546331788836511
    }, 
    "Ar40": {
        "error": 0.32073446120386184, 
        "fit": "parabolic", 
        "value": 1359.599834420444
    }, 
    "Ar41": {
        "error": 0.12833737798559117, 
        "fit": "average_SEM", 
        "value": -0.1494370408501709
    }
}