{
    "Ar36": {
        "error": 0.0009510445697942675, 
        "fit": "linear", 
        "value": 0.0035064701870466319
    }, 
    "Ar37": {
        "error": 0.052361728909309381, 
        "fit": "linear", 
        "value": 0.1473469986716405
    }, 
    "Ar38": {
        "error": 0.24704754251241259, 
        "fit": "linear", 
        "value": 0.11388514225448745
    }, 
    "Ar39": {
        "error": 0.050490574808166808, 
        "fit": "linear", 
        "value": 0.1716124653541205
    }, 
    "Ar40": {
        "error": 0.050435948448022856, 
        "fit": "linear", 
        "value": 1.2198381260385243
    }, 
    "Ar41": {
        "error": 0.11762095465616412, 
        "fit": "average_SEM", 
        "value": -0.025111182933324018
    }
}