{
    "Ar36": {
        "error": 0.00097140631967099732, 
        "fit": "linear", 
        "value": 0.0035516328742963227
    }, 
    "Ar37": {
        "error": 0.051346569618133893, 
        "fit": "linear", 
        "value": 0.14799589441836347
    }, 
    "Ar38": {
        "error": 0.26643920495612772, 
        "fit": "linear", 
        "value": 0.16086837131254228
    }, 
    "Ar39": {
        "error": 0.051562578027985063, 
        "fit": "linear", 
        "value": 0.1671711189049436
    }, 
    "Ar40": {
        "error": 0.0491532524528311, 
        "fit": "linear", 
        "value": 1.1782606189962359
    }, 
    "Ar41": {
        "error": 0.12280282372723209, 
        "fit": "average_SEM", 
        "value": 0.19055525567123874
    }
}