{
    "Ar36": {
        "error": 0.0010004786257920583, 
        "fit": "linear", 
        "value": 0.0041281330809731613
    }, 
    "Ar37": {
        "error": 0.053676041493623441, 
        "fit": "linear", 
        "value": 0.15620968305320482
    }, 
    "Ar38": {
        "error": 0.25669700553616676, 
        "fit": "linear", 
        "value": 0.049312538150351179
    }, 
    "Ar39": {
        "error": 0.059278249020641452, 
        "fit": "linear", 
        "value": 0.19156461838416336
    }, 
    "Ar40": {
        "error": 0.050636233613797668, 
        "fit": "linear", 
        "value": 1.2835282440312432
    }, 
    "Ar41": {
        "error": 0.12948055282028331, 
        "fit": "average_SEM", 
        "value": -0.11056225439856968
    }
}