{
    "CDD": {
        "error": 3.637389527147517e-05, 
        "fit": "average_SEM", 
        "value": 8.797425834927708e-06
    }, 
    "H1": {
        "error": 0.042666028612574, 
        "fit": "average_SEM", 
        "value": 0.17977877880136173
    }, 
    "H2": {
        "error": 0.12247223592865748, 
        "fit": "average_SEM", 
        "value": 0.199787015003191
    }, 
    "L1": {
        "error": 0.25433677986791675, 
        "fit": "average_SEM", 
        "value": 0.12050648205913603
    }, 
    "L2": {
        "error": 0.051316408509392064, 
        "fit": "average_SEM", 
        "value": 0.13267278356684578
    }
}