{
    "AX": {
        "error": 0.054918227080740435, 
        "fit": "average_SEM", 
        "value": 0.15435756035149098
    }, 
    "CDD": {
        "error": 3.966596464933284e-05, 
        "fit": "average_SEM", 
        "value": 1.055691100191325e-05
    }, 
    "H1": {
        "error": 0.04299304436689852, 
        "fit": "average_SEM", 
        "value": 0.1959630743910869
    }, 
    "H2": {
        "error": 0.12705092643495697, 
        "fit": "average_SEM", 
        "value": -0.01571291646032478
    }, 
    "L1": {
        "error": 0.2588581269648969, 
        "fit": "average_SEM", 
        "value": 0.16445398131230224
    }, 
    "L2": {
        "error": 0.04827598024390656, 
        "fit": "average_SEM", 
        "value": 0.14146566838026048
    }
}