{
    "AX": {
        "error": 0.05399393089993014, 
        "fit": "average_SEM", 
        "value": 0.17667627329938113
    }, 
    "CDD": {
        "error": 2.4826618684601572e-05, 
        "fit": "average_SEM", 
        "value": 3.958841625717469e-06
    }, 
    "H1": {
        "error": 0.04403447885948742, 
        "fit": "average_SEM", 
        "value": 0.19705642517656088
    }, 
    "H2": {
        "error": 0.13060301836377364, 
        "fit": "average_SEM", 
        "value": -0.1688780060998397
    }, 
    "L1": {
        "error": 0.32294176336469066, 
        "fit": "average_SEM", 
        "value": -0.09723790065230181
    }, 
    "L2": {
        "error": 0.05174567184489564, 
        "fit": "average_SEM", 
        "value": 0.14491051132790744
    }
}