{
    "CDD": {
        "error": 0.0, 
        "fit": "average_SEM", 
        "value": 0.0
    }, 
    "H1": {
        "error": 0.04287422998355009, 
        "fit": "average_SEM", 
        "value": 0.20206933667262394
    }, 
    "H2": {
        "error": 0.1305392071869644, 
        "fit": "average_SEM", 
        "value": -0.04873255074231161
    }, 
    "L1": {
        "error": 0.25164140558469844, 
        "fit": "average_SEM", 
        "value": 0.0879081413227444
    }, 
    "L2": {
        "error": 0.055205374454242506, 
        "fit": "average_SEM", 
        "value": 0.15093821450654005
    }
}