{
    "AX": {
        "error": 0.05790860566053615, 
        "fit": "average_SEM", 
        "value": 0.161938798140424
    }, 
    "CDD": {
        "error": 3.966596464933284e-05, 
        "fit": "average_SEM", 
        "value": 1.055691100191325e-05
    }, 
    "H1": {
        "error": 0.04451326555324717, 
        "fit": "average_SEM", 
        "value": 0.19332256795217592
    }, 
    "H2": {
        "error": 0.12153166587607016, 
        "fit": "average_SEM", 
        "value": -0.10449862799529606
    }, 
    "L1": {
        "error": 0.26040910508153053, 
        "fit": "average_SEM", 
        "value": 0.0615382058332519
    }, 
    "L2": {
        "error": 0.05518836171819536, 
        "fit": "average_SEM", 
        "value": 0.15019106455147266
    }
}