{
    "AX": {
        "error": 0.05150972675271047, 
        "fit": "average_SEM", 
        "value": 0.17396905357018114
    }, 
    "CDD": {
        "error": 3.966596464933284e-05, 
        "fit": "average_SEM", 
        "value": 1.055691100191325e-05
    }, 
    "H1": {
        "error": 0.040262048951487855, 
        "fit": "average_SEM", 
        "value": 0.20397784324983756
    }, 
    "H2": {
        "error": 0.13620085376519586, 
        "fit": "average_SEM", 
        "value": -0.15767744759020086
    }, 
    "L1": {
        "error": 0.20976109245739905, 
        "fit": "average_SEM", 
        "value": -0.17784407283955564
    }, 
    "L2": {
        "error": 0.052365673182990624, 
        "fit": "average_SEM", 
        "value": 0.15221670144431604
    }
}