{
    "CDD": {
        "error": 2.850464264082499e-05, 
        "fit": "average_SEM", 
        "value": 5.278455500956625e-06
    }, 
    "H1": {
        "error": 0.03467805524567852, 
        "fit": "average_SEM", 
        "value": 0.18552346287502183
    }, 
    "H2": {
        "error": 0.1323164678477056, 
        "fit": "average_SEM", 
        "value": 0.007422272105597787
    }, 
    "L1": {
        "error": 0.26563591959964, 
        "fit": "average_SEM", 
        "value": 0.1584253787373503
    }, 
    "L2": {
        "error": 0.050564041775667846, 
        "fit": "average_SEM", 
        "value": 0.14510825402362065
    }
}