{
    "AX": {
        "error": 0.056618519249454186, 
        "fit": "average_SEM", 
        "value": 0.16386000541970133
    }, 
    "CDD": {
        "error": 2.4826618684601576e-05, 
        "fit": "average_SEM", 
        "value": 3.958841625717469e-06
    }, 
    "H1": {
        "error": 0.04370655947169518, 
        "fit": "average_SEM", 
        "value": 0.1884561637416482
    }, 
    "H2": {
        "error": 0.12224830076609688, 
        "fit": "average_SEM", 
        "value": 0.09259193674370181
    }, 
    "L1": {
        "error": 0.2472929868704296, 
        "fit": "average_SEM", 
        "value": 0.07344631475086014
    }, 
    "L2": {
        "error": 0.053979186835105754, 
        "fit": "average_SEM", 
        "value": 0.14505168890658146
    }
}