{
    "CDD": {
        "error": 5.623960063102958e-05, 
        "fit": "average_SEM", 
        "value": 1.407588198263612e-05
    }, 
    "H1": {
        "error": 0.036314315930024016, 
        "fit": "average_SEM", 
        "value": 0.19149581864476203
    }, 
    "H2": {
        "error": 0.12202857463078347, 
        "fit": "average_SEM", 
        "value": 0.02364967158710998
    }, 
    "L1": {
        "error": 0.3076388350308395, 
        "fit": "average_SEM", 
        "value": 0.10072798759986958
    }, 
    "L2": {
        "error": 0.04635500491901617, 
        "fit": "average_SEM", 
        "value": 0.13916020473439453
    }
}