{
    "AX": {
        "error": 0.054003289728630874, 
        "fit": "average_SEM", 
        "value": 0.14959382669379315
    }, 
    "CDD": {
        "error": 3.72693876692177e-05, 
        "fit": "average_SEM", 
        "value": 9.237297126674093e-06
    }, 
    "H1": {
        "error": 0.04030864197352016, 
        "fit": "average_SEM", 
        "value": 0.1909768994897604
    }, 
    "H2": {
        "error": 0.13098952209184175, 
        "fit": "average_SEM", 
        "value": -0.02171699121875766
    }, 
    "L1": {
        "error": 0.2239487247422771, 
        "fit": "average_SEM", 
        "value": 0.13090262057473107
    }, 
    "L2": {
        "error": 0.05510932360439008, 
        "fit": "average_SEM", 
        "value": 0.13147364385270824
    }
}