{
    "AX": {
        "error": 0.06148478771059879, 
        "fit": "average_SEM", 
        "value": 0.16443991910200567
    }, 
    "CDD": {
        "error": 3.4657087795304464e-05, 
        "fit": "average_SEM", 
        "value": 7.917683251434938e-06
    }, 
    "H1": {
        "error": 0.0435736443593907, 
        "fit": "average_SEM", 
        "value": 0.18761104792356492
    }, 
    "H2": {
        "error": 0.11242516555331707, 
        "fit": "average_SEM", 
        "value": -0.10477212197000275
    }, 
    "L1": {
        "error": 0.1799882232534361, 
        "fit": "average_SEM", 
        "value": 0.012052222865168005
    }, 
    "L2": {
        "error": 0.054260681315666144, 
        "fit": "average_SEM", 
        "value": 0.1288550514388286
    }
}