{
    "CDD": {
        "error": 3.272461669154974e-05, 
        "fit": "average_SEM", 
        "value": 7.037940667942166e-06
    }, 
    "H1": {
        "error": 0.04303111114753296, 
        "fit": "average_SEM", 
        "value": 0.18747122767898772
    }, 
    "H2": {
        "error": 0.1495052388619235, 
        "fit": "average_SEM", 
        "value": 0.02168872702944403
    }, 
    "L1": {
        "error": 0.26016038998707386, 
        "fit": "average_SEM", 
        "value": 0.3003964239627951
    }, 
    "L2": {
        "error": 0.05139765434736879, 
        "fit": "average_SEM", 
        "value": 0.14284090691556534
    }
}