{
    "AX": {
        "error": 0.05078961035238355, 
        "fit": "average_SEM", 
        "value": 0.18171625112493833
    }, 
    "CDD": {
        "error": 4.028097939586147e-05, 
        "fit": "average_SEM", 
        "value": 7.917683493966857e-06
    }, 
    "H1": {
        "error": 0.04121638989906576, 
        "fit": "average_SEM", 
        "value": 0.20558889132613936
    }, 
    "H2": {
        "error": 0.13305895924477798, 
        "fit": "average_SEM", 
        "value": -0.18657516438203553
    }, 
    "L1": {
        "error": 0.32494737412581487, 
        "fit": "average_SEM", 
        "value": -0.1025508083483146
    }, 
    "L2": {
        "error": 0.05674680647345987, 
        "fit": "average_SEM", 
        "value": 0.1464929572461794
    }
}