{
    "CDD": {
        "error": 4.8672952747177516e-05, 
        "fit": "average_SEM", 
        "value": 1.2316396492274685e-05
    }, 
    "H1": {
        "error": 0.04153402175056353, 
        "fit": "average_SEM", 
        "value": 0.18310362332397037
    }, 
    "H2": {
        "error": 0.11734488646456938, 
        "fit": "average_SEM", 
        "value": -0.03612463290854875
    }, 
    "L1": {
        "error": 0.20910602410811055, 
        "fit": "average_SEM", 
        "value": 0.0953423121284383
    }, 
    "L2": {
        "error": 0.05262294156720632, 
        "fit": "average_SEM", 
        "value": 0.13116617396525626
    }
}