{
    "AX": {
        "error": 0.05445070142383613, 
        "fit": "average_SEM", 
        "value": 0.16722507051502664
    }, 
    "CDD": {
        "error": 3.177590570229492e-05, 
        "fit": "average_SEM", 
        "value": 6.598069376195781e-06
    }, 
    "H1": {
        "error": 0.04247426273902105, 
        "fit": "average_SEM", 
        "value": 0.20140299294143915
    }, 
    "H2": {
        "error": 0.11844103423158314, 
        "fit": "average_SEM", 
        "value": -0.13466266920683362
    }, 
    "L1": {
        "error": 0.27284782861864565, 
        "fit": "average_SEM", 
        "value": 0.07409124221691551
    }, 
    "L2": {
        "error": 0.04831045166637018, 
        "fit": "average_SEM", 
        "value": 0.15369202988222241
    }
}