{
    "CDD": {
        "error": 3.637389527147517e-05, 
        "fit": "average_SEM", 
        "value": 8.797425834927708e-06
    }, 
    "H1": {
        "error": 0.042353194429806396, 
        "fit": "average_SEM", 
        "value": 0.19574642545647092
    }, 
    "H2": {
        "error": 0.12085659353604618, 
        "fit": "average_SEM", 
        "value": -0.020814405438593694
    }, 
    "L1": {
        "error": 0.27446174588410704, 
        "fit": "average_SEM", 
        "value": 0.12111951348164843
    }, 
    "L2": {
        "error": 0.05170811791922474, 
        "fit": "average_SEM", 
        "value": 0.14783542930252022
    }
}