{
    "AX": {
        "error": 0.05042022170087383, 
        "fit": "average_SEM", 
        "value": 0.15529062633092205
    }, 
    "CDD": {
        "error": 2.4826618684601572e-05, 
        "fit": "average_SEM", 
        "value": 3.958841625717469e-06
    }, 
    "H1": {
        "error": 0.03942556911753829, 
        "fit": "average_SEM", 
        "value": 0.19059677589684726
    }, 
    "H2": {
        "error": 0.12565359771205295, 
        "fit": "average_SEM", 
        "value": -0.02439899230400139
    }, 
    "L1": {
        "error": 0.2568011832681742, 
        "fit": "average_SEM", 
        "value": 0.12515075458601738
    }, 
    "L2": {
        "error": 0.05407610640594098, 
        "fit": "average_SEM", 
        "value": 0.1372291985967119
    }
}