{
    "AX": {
        "error": 0.05986252118875379, 
        "fit": "average_SEM", 
        "value": 0.16133844694122673
    }, 
    "CDD": {
        "error": 4.7242929515687665e-05, 
        "fit": "average_SEM", 
        "value": 9.237297611737934e-06
    }, 
    "H1": {
        "error": 0.0440353192491469, 
        "fit": "average_SEM", 
        "value": 0.21685808909436066
    }, 
    "H2": {
        "error": 0.13293939734276553, 
        "fit": "average_SEM", 
        "value": -0.0535269537086909
    }, 
    "L1": {
        "error": 0.2632914872308081, 
        "fit": "average_SEM", 
        "value": 0.09429229030696054
    }, 
    "L2": {
        "error": 0.05586448679579749, 
        "fit": "average_SEM", 
        "value": 0.13893031811652085
    }
}