{
    "AX": {
        "error": 0.058074395344821485, 
        "fit": "average_SEM", 
        "value": 0.14194284099309395
    }, 
    "CDD": {
        "error": 2.8544537191685693e-05, 
        "fit": "average_SEM", 
        "value": 5.278455500956625e-06
    }, 
    "H1": {
        "error": 0.039168036924542994, 
        "fit": "average_SEM", 
        "value": 0.18397914314021666
    }, 
    "H2": {
        "error": 0.1224387799346053, 
        "fit": "average_SEM", 
        "value": -0.024997574737062676
    }, 
    "L1": {
        "error": 0.24767602509310063, 
        "fit": "average_SEM", 
        "value": 0.11583012862829492
    }, 
    "L2": {
        "error": 0.056610701902608876, 
        "fit": "average_SEM", 
        "value": 0.13321307387086562
    }
}