{
    "CDD": {
        "error": 3.637389527147517e-05, 
        "fit": "average_SEM", 
        "value": 8.797425834927708e-06
    }, 
    "H1": {
        "error": 0.039761061090065435, 
        "fit": "average_SEM", 
        "value": 0.18307666662666533
    }, 
    "H2": {
        "error": 0.12379607490474405, 
        "fit": "average_SEM", 
        "value": -0.022258030173058312
    }, 
    "L1": {
        "error": 0.18294555621604003, 
        "fit": "average_SEM", 
        "value": 0.0987349391151737
    }, 
    "L2": {
        "error": 0.04890798822689586, 
        "fit": "average_SEM", 
        "value": 0.13257153100437588
    }
}