{
    "AX": {
        "error": 0.06081610024419099, 
        "fit": "average_SEM", 
        "value": 0.15221960473184784
    }, 
    "CDD": {
        "error": 2.0357292518170993e-05, 
        "fit": "average_SEM", 
        "value": 2.6392277504783125e-06
    }, 
    "H1": {
        "error": 0.04368314169026016, 
        "fit": "average_SEM", 
        "value": 0.18189014370242754
    }, 
    "H2": {
        "error": 0.13061777319076134, 
        "fit": "average_SEM", 
        "value": 0.19427121555393873
    }, 
    "L1": {
        "error": 0.2789287259752953, 
        "fit": "average_SEM", 
        "value": 0.18415569546632468
    }, 
    "L2": {
        "error": 0.049168900088328416, 
        "fit": "average_SEM", 
        "value": 0.1313138130819425
    }
}