{
    "AX": {
        "error": 0.053619732151317205, 
        "fit": "average_SEM", 
        "value": 0.14665667571437854
    }, 
    "CDD": {
        "error": 2.8544537191685696e-05, 
        "fit": "average_SEM", 
        "value": 5.278455500956625e-06
    }, 
    "H1": {
        "error": 0.04330600243604814, 
        "fit": "average_SEM", 
        "value": 0.18723472375422717
    }, 
    "H2": {
        "error": 0.12605677878688187, 
        "fit": "average_SEM", 
        "value": 0.17355779577458938
    }, 
    "L1": {
        "error": 0.24368020297412438, 
        "fit": "average_SEM", 
        "value": 0.10525204143874968
    }, 
    "L2": {
        "error": 0.05299173201470847, 
        "fit": "average_SEM", 
        "value": 0.13489372297966232
    }
}