{
    "CDD": {
        "error": 2.340731938170386e-05, 
        "fit": "average_SEM", 
        "value": 3.518970333971083e-06
    }, 
    "H1": {
        "error": 0.042072289147568005, 
        "fit": "average_SEM", 
        "value": 0.1870928773449527
    }, 
    "H2": {
        "error": 0.12819290687704005, 
        "fit": "average_SEM", 
        "value": -0.01449643384516498
    }, 
    "L1": {
        "error": 0.17755757982289083, 
        "fit": "average_SEM", 
        "value": 0.08747270463370821
    }, 
    "L2": {
        "error": 0.05365946196398505, 
        "fit": "average_SEM", 
        "value": 0.13213919876430333
    }
}