{
    "AX": {
        "error": 0.048460834707477536, 
        "fit": "average_SEM", 
        "value": 0.1579022267096055
    }, 
    "CDD": {
        "error": 3.51601218913822e-05, 
        "fit": "average_SEM", 
        "value": 5.278455743488545e-06
    }, 
    "H1": {
        "error": 0.040996582534249544, 
        "fit": "average_SEM", 
        "value": 0.19765267067899306
    }, 
    "H2": {
        "error": 0.11942664139020652, 
        "fit": "average_SEM", 
        "value": -0.09276784614194185
    }, 
    "L1": {
        "error": 0.20492945443898827, 
        "fit": "average_SEM", 
        "value": 0.04264529200542408
    }, 
    "L2": {
        "error": 0.05260336288595351, 
        "fit": "average_SEM", 
        "value": 0.14390455186367035
    }
}