{
    "AX": {
        "error": 0.052867426718110726, 
        "fit": "average_SEM", 
        "value": 0.1611832234232376
    }, 
    "CDD": {
        "error": 3.4657087795304464e-05, 
        "fit": "average_SEM", 
        "value": 7.917683251434938e-06
    }, 
    "H1": {
        "error": 0.04270984527758934, 
        "fit": "average_SEM", 
        "value": 0.20039646284033855
    }, 
    "H2": {
        "error": 0.11563840800682557, 
        "fit": "average_SEM", 
        "value": -0.05986690198575768
    }, 
    "L1": {
        "error": 0.26277185458703484, 
        "fit": "average_SEM", 
        "value": 0.1256209344525511
    }, 
    "L2": {
        "error": 0.05363415623110624, 
        "fit": "average_SEM", 
        "value": 0.1472393445010918
    }
}