{
    "AX": {
        "error": 0.059763008212101926, 
        "fit": "average_SEM", 
        "value": 0.16193647047039122
    }, 
    "CDD": {
        "error": 3.4657087795304464e-05, 
        "fit": "average_SEM", 
        "value": 7.917683251434938e-06
    }, 
    "H1": {
        "error": 0.04031539352404038, 
        "fit": "average_SEM", 
        "value": 0.19378060922026635
    }, 
    "H2": {
        "error": 0.13766975651452143, 
        "fit": "average_SEM", 
        "value": -0.06473396250621591
    }, 
    "L1": {
        "error": 0.21485003929411264, 
        "fit": "average_SEM", 
        "value": 0.06661198714185351
    }, 
    "L2": {
        "error": 0.04895067289879006, 
        "fit": "average_SEM", 
        "value": 0.14106114933577676
    }
}