{
    "AX": {
        "error": 0.05424040829001843, 
        "fit": "average_SEM", 
        "value": 0.15579886635144552
    }, 
    "CDD": {
        "error": 2.8544537191685703e-05, 
        "fit": "average_SEM", 
        "value": 5.278455500956625e-06
    }, 
    "H1": {
        "error": 0.045863825699438185, 
        "fit": "average_SEM", 
        "value": 0.20045203516880672
    }, 
    "H2": {
        "error": 0.1225974372104111, 
        "fit": "average_SEM", 
        "value": -0.07042502006709886
    }, 
    "L1": {
        "error": 0.21928297934587132, 
        "fit": "average_SEM", 
        "value": 0.06498812567636682
    }, 
    "L2": {
        "error": 0.056716708891509315, 
        "fit": "average_SEM", 
        "value": 0.14042903130563597
    }
}