{
    "CDD": {
        "error": 4.350654849856214e-05, 
        "fit": "average_SEM", 
        "value": 8.819362847134471e-06
    }, 
    "H1": {
        "error": 0.04209048855217757, 
        "fit": "average_SEM", 
        "value": 0.01312768110850205
    }, 
    "H2": {
        "error": 0.11343420217422699, 
        "fit": "average_SEM", 
        "value": -0.014845469278386897
    }, 
    "L1": {
        "error": 0.30175312461223397, 
        "fit": "average_SEM", 
        "value": 0.0505836088106864
    }, 
    "L2": {
        "error": 0.05200957725114887, 
        "fit": "average_SEM", 
        "value": 0.008871839861644224
    }
}