{
    "Ar36": {
        "error": 0.0011180589615087345, 
        "fit": "linear", 
        "value": 0.0048016609761597374
    }, 
    "Ar37": {
        "error": 0.054706414081624598, 
        "fit": "linear", 
        "value": 0.24145037816860621
    }, 
    "Ar38": {
        "error": 0.25430303087102718, 
        "fit": "linear", 
        "value": 0.42271042147356003
    }, 
    "Ar39": {
        "error": 0.080660895082779127, 
        "fit": "linear", 
        "value": 20.93998582155012
    }, 
    "Ar40": {
        "error": 0.074046399294650664, 
        "fit": "linear", 
        "value": 15.100171603662337
    }, 
    "Ar41": {
        "error": 0.11529189377259889, 
        "fit": "average_SEM", 
        "value": 0.002756551939859896
    }
}