{
    "Ar36": {
        "error": 0.0012755706184515681, 
        "fit": "linear", 
        "value": 0.0080886449432746206
    }, 
    "Ar37": {
        "error": 0.052218889689790486, 
        "fit": "linear", 
        "value": 0.20886711681046916
    }, 
    "Ar38": {
        "error": 0.26265986744770098, 
        "fit": "linear", 
        "value": 0.27789079902618918
    }, 
    "Ar39": {
        "error": 0.077186760150475917, 
        "fit": "linear", 
        "value": 13.435694749445158
    }, 
    "Ar40": {
        "error": 0.08645830733038154, 
        "fit": "linear", 
        "value": 11.125854100665521
    }, 
    "Ar41": {
        "error": 0.13638401962205113, 
        "fit": "average_SEM", 
        "value": -0.0016458104584469563
    }
}