{
    "Ar36": {
        "error": 0.0011014229339887849, 
        "fit": "linear", 
        "value": 0.0047349016513128558
    }, 
    "Ar37": {
        "error": 0.048097566127603214, 
        "fit": "linear", 
        "value": 0.22047189284357405
    }, 
    "Ar38": {
        "error": 0.26354816734765252, 
        "fit": "linear", 
        "value": 0.32652064341851395
    }, 
    "Ar39": {
        "error": 0.07083910480218307, 
        "fit": "linear", 
        "value": 18.349705912190913
    }, 
    "Ar40": {
        "error": 0.073192789406796674, 
        "fit": "linear", 
        "value": 13.308512628452743
    }, 
    "Ar41": {
        "error": 0.1301054815301165, 
        "fit": "average_SEM", 
        "value": -0.062721798195141468
    }
}