{
    "Ar36": {
        "error": 0.0011850749687518441, 
        "fit": "linear", 
        "value": 0.0060736376035057616
    }, 
    "Ar37": {
        "error": 0.047552274355560142, 
        "fit": "linear", 
        "value": 0.22169010417122217
    }, 
    "Ar38": {
        "error": 0.26903816050467438, 
        "fit": "linear", 
        "value": 0.35697147796780676
    }, 
    "Ar39": {
        "error": 0.062654990317660128, 
        "fit": "linear", 
        "value": 14.709668821800888
    }, 
    "Ar40": {
        "error": 0.082652150891130566, 
        "fit": "linear", 
        "value": 11.442777842715913
    }, 
    "Ar41": {
        "error": 0.11755442154259087, 
        "fit": "average_SEM", 
        "value": 0.015035619490986897
    }
}