{
    "Ar36": {
        "error": 0.00283238897414493, 
        "fit": "linear", 
        "value": 0.046376612674173173
    }, 
    "Ar37": {
        "error": 0.053546212999748301, 
        "fit": "linear", 
        "value": 0.16499235658741507
    }, 
    "Ar38": {
        "error": 0.25997384197771467, 
        "fit": "linear", 
        "value": 0.20783612966079945
    }, 
    "Ar39": {
        "error": 0.058943983213173949, 
        "fit": "linear", 
        "value": 1.7019789874262699
    }, 
    "Ar40": {
        "error": 0.094652179544663734, 
        "fit": "linear", 
        "value": 15.039231635679936
    }, 
    "Ar41": {
        "error": 0.12521225915127085, 
        "fit": "average_SEM", 
        "value": 0.014073883521551681
    }
}