{
    "Ar36": {
        "error": 0.0012946040223496579, 
        "fit": "linear", 
        "value": 0.0081269177948384789
    }, 
    "Ar37": {
        "error": 0.053239245144977208, 
        "fit": "linear", 
        "value": 0.22570919122188682
    }, 
    "Ar38": {
        "error": 0.28435639990808381, 
        "fit": "linear", 
        "value": 0.25859793677422777
    }, 
    "Ar39": {
        "error": 0.072301562215575252, 
        "fit": "linear", 
        "value": 16.436141831861136
    }, 
    "Ar40": {
        "error": 0.077278228471705873, 
        "fit": "linear", 
        "value": 13.156987648730837
    }, 
    "Ar41": {
        "error": 0.11907334117849486, 
        "fit": "average_SEM", 
        "value": -0.06980443916723339
    }
}