{
    "Ar36": {
        "error": 0.002490328992315269, 
        "fit": "linear", 
        "value": 0.034379929809974841
    }, 
    "Ar37": {
        "error": 0.052452949635547912, 
        "fit": "linear", 
        "value": 0.18177861542681029
    }, 
    "Ar38": {
        "error": 0.24067437093622654, 
        "fit": "linear", 
        "value": 0.20757683637455204
    }, 
    "Ar39": {
        "error": 0.056124219047713392, 
        "fit": "linear", 
        "value": 5.1546173597793636
    }, 
    "Ar40": {
        "error": 0.10103458486750018, 
        "fit": "linear", 
        "value": 13.60284058858554
    }, 
    "Ar41": {
        "error": 0.12211699245079249, 
        "fit": "average_SEM", 
        "value": -0.014960729813254955
    }
}