{
    "Ar36": {
        "error": 0.0014719802921441098, 
        "fit": "linear", 
        "value": 0.010187717802598764
    }, 
    "Ar37": {
        "error": 0.054293743021894075, 
        "fit": "linear", 
        "value": 0.28449474511606943
    }, 
    "Ar38": {
        "error": 0.24005641274232423, 
        "fit": "linear", 
        "value": 0.44075424529813884
    }, 
    "Ar39": {
        "error": 0.065570689469404683, 
        "fit": "linear", 
        "value": 29.157284293637588
    }, 
    "Ar40": {
        "error": 0.078393231439238542, 
        "fit": "linear", 
        "value": 22.073573249852117
    }, 
    "Ar41": {
        "error": 0.122686158298766, 
        "fit": "average_SEM", 
        "value": -0.046032303460136363
    }
}