{
    "Ar36": {
        "error": 0.0010711060835903511, 
        "fit": "linear", 
        "value": 0.0049764479476436122
    }, 
    "Ar37": {
        "error": 0.053413736810716581, 
        "fit": "linear", 
        "value": 0.2285780366629564
    }, 
    "Ar38": {
        "error": 0.26228081150822058, 
        "fit": "linear", 
        "value": 0.34543171741241252
    }, 
    "Ar39": {
        "error": 0.069982317239229111, 
        "fit": "linear", 
        "value": 16.492247172691162
    }, 
    "Ar40": {
        "error": 0.082642395858447071, 
        "fit": "linear", 
        "value": 12.161877175539839
    }, 
    "Ar41": {
        "error": 0.12504492247646515, 
        "fit": "average_SEM", 
        "value": 0.013903675152889466
    }
}