{
    "Ar36": {
        "error": 0.0012726016348776851, 
        "fit": "linear", 
        "value": 0.0080663689258256323
    }, 
    "Ar37": {
        "error": 0.049180002729437865, 
        "fit": "linear", 
        "value": 0.28013094192399329
    }, 
    "Ar38": {
        "error": 0.251219470537213, 
        "fit": "linear", 
        "value": 0.52850697732744589
    }, 
    "Ar39": {
        "error": 0.084513460492674317, 
        "fit": "linear", 
        "value": 31.260693294712986
    }, 
    "Ar40": {
        "error": 0.090511064494487065, 
        "fit": "linear", 
        "value": 22.724142141319511
    }, 
    "Ar41": {
        "error": 0.14006109094583713, 
        "fit": "average_SEM", 
        "value": -0.0071743477505353641
    }
}