{
    "Ar36": {
        "error": 0.0033968336361545086, 
        "fit": "linear", 
        "value": 0.059067167108920737
    }, 
    "Ar37": {
        "error": 0.05670665759233974, 
        "fit": "linear", 
        "value": 0.67106572529271236
    }, 
    "Ar38": {
        "error": 0.27589627569491143, 
        "fit": "linear", 
        "value": 0.032868113629976325
    }, 
    "Ar39": {
        "error": 0.053772442388025796, 
        "fit": "linear", 
        "value": 0.45561353083193501
    }, 
    "Ar40": {
        "error": 0.071891700994704252, 
        "fit": "linear", 
        "value": 18.385008749472838
    }, 
    "Ar41": {
        "error": 0.12277854189037947, 
        "fit": "average_SEM", 
        "value": 0.096915010327292189
    }
}