{
    "Ar36": {
        "error": 0.0014330511282523056, 
        "fit": "linear", 
        "value": 0.0097340399836440914
    }, 
    "Ar37": {
        "error": 0.055415940717056383, 
        "fit": "linear", 
        "value": 0.41893394205426471
    }, 
    "Ar38": {
        "error": 0.27700487042811767, 
        "fit": "linear", 
        "value": 0.81877253944241146
    }, 
    "Ar39": {
        "error": 0.087394899837363177, 
        "fit": "linear", 
        "value": 62.965372510447381
    }, 
    "Ar40": {
        "error": 0.089004745144345435, 
        "fit": "linear", 
        "value": 43.777715326657727
    }, 
    "Ar41": {
        "error": 0.12573143132822243, 
        "fit": "average_SEM", 
        "value": 0.1245976904536595
    }
}