{
    "Ar36": {
        "error": 0.0023283312585011084, 
        "fit": "linear", 
        "value": 0.035919181402887176
    }, 
    "Ar37": {
        "error": 0.054970370061255214, 
        "fit": "linear", 
        "value": 1.2108830491338076
    }, 
    "Ar38": {
        "error": 0.18269408619293459, 
        "fit": "linear", 
        "value": 0.32306685746842573
    }, 
    "Ar39": {
        "error": 0.06261130476636928, 
        "fit": "linear", 
        "value": 0.58705108045559218
    }, 
    "Ar40": {
        "error": 0.051005377034052224, 
        "fit": "linear", 
        "value": 12.501836021922035
    }, 
    "Ar41": {
        "error": 0.1352261045342229, 
        "fit": "average_SEM", 
        "value": 0.06341801969186539
    }
}