{
    "Ar36": {
        "error": 0.0060149853776962298, 
        "fit": "linear", 
        "value": 0.24770916195534259
    }, 
    "Ar37": {
        "error": 0.056326260192402305, 
        "fit": "linear", 
        "value": 1.4015103685933656
    }, 
    "Ar38": {
        "error": 0.18497511469142014, 
        "fit": "linear", 
        "value": 0.42448267146415364
    }, 
    "Ar39": {
        "error": 0.058811956122085826, 
        "fit": "linear", 
        "value": 0.76076228392597045
    }, 
    "Ar40": {
        "error": 0.10162083229588904, 
        "fit": "linear", 
        "value": 81.706964182857575
    }, 
    "Ar41": {
        "error": 0.13065842390002505, 
        "fit": "average_SEM", 
        "value": 0.075486119657741962
    }
}