{
    "Ar36": {
        "error": 0.0013482907013121985, 
        "fit": "linear", 
        "value": 0.011648205733943826
    }, 
    "Ar37": {
        "error": 0.053708702133762019, 
        "fit": "linear", 
        "value": 0.17475414705555603
    }, 
    "Ar38": {
        "error": 0.26070621452023279, 
        "fit": "linear", 
        "value": 0.2121669392086632
    }, 
    "Ar39": {
        "error": 0.058457948764045045, 
        "fit": "linear", 
        "value": 8.3751487384085728
    }, 
    "Ar40": {
        "error": 0.067707838021182271, 
        "fit": "linear", 
        "value": 8.7757619570465231
    }, 
    "Ar41": {
        "error": 0.12714544873936728, 
        "fit": "average_SEM", 
        "value": 0.14944454414718267
    }
}