{
    "Ar36": {
        "error": 0.00249028140487116, 
        "fit": "linear", 
        "value": 0.029724156616833933
    }, 
    "Ar37": {
        "error": 0.057983900102625198, 
        "fit": "linear", 
        "value": 3.3575889835521679
    }, 
    "Ar38": {
        "error": 0.24444252804125885, 
        "fit": "linear", 
        "value": -0.23417472430655656
    }, 
    "Ar39": {
        "error": 0.062929947975608164, 
        "fit": "linear", 
        "value": 1.2769113528895355
    }, 
    "Ar40": {
        "error": 0.051536266971679554, 
        "fit": "linear", 
        "value": 10.107349373203801
    }, 
    "Ar41": {
        "error": 0.13836347678518812, 
        "fit": "average_SEM", 
        "value": -0.12854181629243411
    }
}