{
    "Ar36": {
        "error": 0.0081216077533537434, 
        "fit": "linear", 
        "value": 0.51205443548410046
    }, 
    "Ar37": {
        "error": 0.053655752401134814, 
        "fit": "linear", 
        "value": 0.18963417904063665
    }, 
    "Ar38": {
        "error": 0.25568227943547867, 
        "fit": "linear", 
        "value": 0.27820281702563854
    }, 
    "Ar39": {
        "error": 0.060758602858884556, 
        "fit": "linear", 
        "value": 2.7360002119557558
    }, 
    "Ar40": {
        "error": 0.17744841555502025, 
        "fit": "linear", 
        "value": 156.42045094278998
    }, 
    "Ar41": {
        "error": 0.14096335100937185, 
        "fit": "average_SEM", 
        "value": 0.12623771767959827
    }
}