{
    "Ar36": {
        "error": 0.0010798646871132038, 
        "fit": "linear", 
        "value": 0.0055256687178075487
    }, 
    "Ar37": {
        "error": 0.051983832179500082, 
        "fit": "linear", 
        "value": 0.32564863781759634
    }, 
    "Ar38": {
        "error": 0.27960567916534274, 
        "fit": "linear", 
        "value": 0.61638270227343139
    }, 
    "Ar39": {
        "error": 0.068401080276573475, 
        "fit": "linear", 
        "value": 43.03300847891672
    }, 
    "Ar40": {
        "error": 0.085871821192164272, 
        "fit": "linear", 
        "value": 29.774295563164259
    }, 
    "Ar41": {
        "error": 0.1281413672874756, 
        "fit": "average_SEM", 
        "value": 0.1104366728479767
    }
}