{
    "Ar36": {
        "error": 0.0014058330128954553, 
        "fit": "linear", 
        "value": 0.010685693979734505
    }, 
    "Ar37": {
        "error": 0.053457359954060472, 
        "fit": "linear", 
        "value": 0.94452299915754789
    }, 
    "Ar38": {
        "error": 0.22389568927107437, 
        "fit": "linear", 
        "value": 0.041432221247320884
    }, 
    "Ar39": {
        "error": 0.058662783105142349, 
        "fit": "linear", 
        "value": 0.4874295740106897
    }, 
    "Ar40": {
        "error": 0.052490204929822683, 
        "fit": "linear", 
        "value": 3.5945498706371435
    }, 
    "Ar41": {
        "error": 0.12322085532819332, 
        "fit": "average_SEM", 
        "value": -0.12541428607591015
    }
}