{
    "Ar36": {
        "error": 0.0010847817993356159, 
        "fit": "linear", 
        "value": 0.0065266492553836854
    }, 
    "Ar37": {
        "error": 0.056236705308346138, 
        "fit": "linear", 
        "value": 1.3242870524550665
    }, 
    "Ar38": {
        "error": 0.27246759608666343, 
        "fit": "linear", 
        "value": 0.04064476410578504
    }, 
    "Ar39": {
        "error": 0.063061994509391803, 
        "fit": "linear", 
        "value": 0.65389409064389015
    }, 
    "Ar40": {
        "error": 0.044810032285807509, 
        "fit": "linear", 
        "value": 2.1834741350983498
    }, 
    "Ar41": {
        "error": 0.12421343487472439, 
        "fit": "average_SEM", 
        "value": 0.082453879456281562
    }
}