{
    "Ar36": {
        "error": 0.0013655817646133059, 
        "fit": "linear", 
        "value": 0.0093479704312538787
    }, 
    "Ar37": {
        "error": 0.055693506798524153, 
        "fit": "linear", 
        "value": 0.16950181499392813
    }, 
    "Ar38": {
        "error": 0.2569121951838465, 
        "fit": "linear", 
        "value": 0.11510051496897863
    }, 
    "Ar39": {
        "error": 0.057219778049720539, 
        "fit": "linear", 
        "value": 3.3797733426495267
    }, 
    "Ar40": {
        "error": 0.09637327830129086, 
        "fit": "linear", 
        "value": 5.046260937206748
    }, 
    "Ar41": {
        "error": 0.12414824692280259, 
        "fit": "average_SEM", 
        "value": 0.12349431996109261
    }
}