{
    "Ar36": {
        "error": 0.0011825926446941697, 
        "fit": "linear", 
        "value": 0.0083489918982784066
    }, 
    "Ar37": {
        "error": 0.049343316218133107, 
        "fit": "linear", 
        "value": 0.20302834650114848
    }, 
    "Ar38": {
        "error": 0.26180259358263047, 
        "fit": "linear", 
        "value": 0.19478203595212706
    }, 
    "Ar39": {
        "error": 0.060897079129120318, 
        "fit": "linear", 
        "value": 13.134605082571632
    }, 
    "Ar40": {
        "error": 0.064004717790455634, 
        "fit": "linear", 
        "value": 10.89606481560171
    }, 
    "Ar41": {
        "error": 0.12633122331978242, 
        "fit": "average_SEM", 
        "value": 0.14828027143602313
    }
}