{
    "Ar36": {
        "error": 0.0010388491358082322, 
        "fit": "linear", 
        "value": 0.0058184138423912641
    }, 
    "Ar37": {
        "error": 0.051344592001018589, 
        "fit": "linear", 
        "value": 0.99852498313642324
    }, 
    "Ar38": {
        "error": 0.27707026165227333, 
        "fit": "linear", 
        "value": 0.029150449254068352
    }, 
    "Ar39": {
        "error": 0.057892907970523919, 
        "fit": "linear", 
        "value": 0.50629495180274986
    }, 
    "Ar40": {
        "error": 0.046384510451666083, 
        "fit": "linear", 
        "value": 2.018747918982517
    }, 
    "Ar41": {
        "error": 0.12158362224228322, 
        "fit": "average_SEM", 
        "value": 0.085617473950130973
    }
}