{
    "Ar36": {
        "error": 0.002703798588392761, 
        "fit": "linear", 
        "value": 0.047281627736498119
    }, 
    "Ar37": {
        "error": 0.057667563283715043, 
        "fit": "linear", 
        "value": 0.15637549484887198
    }, 
    "Ar38": {
        "error": 0.26335218241447428, 
        "fit": "linear", 
        "value": 0.15524288300107852
    }, 
    "Ar39": {
        "error": 0.051462319021897407, 
        "fit": "linear", 
        "value": 1.6198399610276117
    }, 
    "Ar40": {
        "error": 0.063414977517087884, 
        "fit": "linear", 
        "value": 15.57581328909993
    }, 
    "Ar41": {
        "error": 0.13079560333428639, 
        "fit": "average_SEM", 
        "value": 0.15014366044714633
    }
}