{
    "Ar36": {
        "error": 0.0016476387975192775, 
        "fit": "parabolic", 
        "value": 0.014844023308887056
    }, 
    "Ar37": {
        "error": 0.051202656289729712, 
        "fit": "linear", 
        "value": 0.073547800225956167
    }, 
    "Ar38": {
        "error": 0.30145649967989152, 
        "fit": "linear", 
        "value": 0.43069363903968416
    }, 
    "Ar39": {
        "error": 0.069303904551472395, 
        "fit": "parabolic", 
        "value": 26.455992037020195
    }, 
    "Ar40": {
        "error": 0.076160008390261283, 
        "fit": "parabolic", 
        "value": 21.204842793877589
    }, 
    "Ar41": {
        "error": 0.12197626692098557, 
        "fit": "average_SEM", 
        "value": -0.020668653986767822
    }
}