{
    "Ar36": {
        "error": 0.0013071902283657128, 
        "fit": "parabolic", 
        "value": 0.0078824045637494143
    }, 
    "Ar37": {
        "error": 0.056929484378161352, 
        "fit": "linear", 
        "value": 0.042210196788481501
    }, 
    "Ar38": {
        "error": 0.3095357899874035, 
        "fit": "linear", 
        "value": 0.23605288872024283
    }, 
    "Ar39": {
        "error": 0.065535164761505019, 
        "fit": "parabolic", 
        "value": 11.712330840510401
    }, 
    "Ar40": {
        "error": 0.073578758078952741, 
        "fit": "parabolic", 
        "value": 9.9396827569347952
    }, 
    "Ar41": {
        "error": 0.12637652774389077, 
        "fit": "average_SEM", 
        "value": 0.020630712497465235
    }
}