{
    "Ar36": {
        "error": 0.0023664408126395919, 
        "fit": "parabolic", 
        "value": 0.029892282652109907
    }, 
    "Ar37": {
        "error": 0.050258547971838333, 
        "fit": "linear", 
        "value": 0.021719927428360496
    }, 
    "Ar38": {
        "error": 0.30718472306960087, 
        "fit": "linear", 
        "value": 0.15032187687709142
    }, 
    "Ar39": {
        "error": 0.071831973541292921, 
        "fit": "parabolic", 
        "value": 0.53126082023137866
    }, 
    "Ar40": {
        "error": 0.41180252579741194, 
        "fit": "parabolic", 
        "value": 10.092566673019462
    }, 
    "Ar41": {
        "error": 0.12759081894508317, 
        "fit": "average_SEM", 
        "value": 0.041741937691064476
    }
}