{
    "Ar36": {
        "error": 0.0025691748159976714, 
        "fit": "parabolic", 
        "value": 0.034608970537008454
    }, 
    "Ar37": {
        "error": 0.051534115422756162, 
        "fit": "linear", 
        "value": 0.026850320451936093
    }, 
    "Ar38": {
        "error": 0.29868532086221961, 
        "fit": "linear", 
        "value": 0.077124434311310885
    }, 
    "Ar39": {
        "error": 0.061856510814548835, 
        "fit": "parabolic", 
        "value": 0.25528442959124031
    }, 
    "Ar40": {
        "error": 0.2104121939838097, 
        "fit": "parabolic", 
        "value": 11.272190801719416
    }, 
    "Ar41": {
        "error": 0.12211888142352645, 
        "fit": "average_SEM", 
        "value": 0.0015411664018271647
    }
}