{
    "Ar36": {
        "error": 0.0021035015008542927, 
        "fit": "parabolic", 
        "value": 0.020092687685791338
    }, 
    "Ar37": {
        "error": 0.052888402323360041, 
        "fit": "linear", 
        "value": 0.046685202131040437
    }, 
    "Ar38": {
        "error": 0.29827029913774472, 
        "fit": "linear", 
        "value": 0.29304222170225191
    }, 
    "Ar39": {
        "error": 0.072832048459991999, 
        "fit": "parabolic", 
        "value": 12.650042321704532
    }, 
    "Ar40": {
        "error": 0.35318778405701079, 
        "fit": "parabolic", 
        "value": 14.742494118051869
    }, 
    "Ar41": {
        "error": 0.12312656707067884, 
        "fit": "average_SEM", 
        "value": 0.045456589443589719
    }
}