{
    "Ar36": {
        "error": 0.0025458975990207012, 
        "fit": "parabolic", 
        "value": 0.038295348147125617
    }, 
    "Ar37": {
        "error": 0.051321484057687557, 
        "fit": "linear", 
        "value": 0.022153829161619471
    }, 
    "Ar38": {
        "error": 0.30310266655887613, 
        "fit": "linear", 
        "value": 0.074143401695381458
    }, 
    "Ar39": {
        "error": 0.058149311483019599, 
        "fit": "parabolic", 
        "value": 0.60443594270705248
    }, 
    "Ar40": {
        "error": 0.093645181270672936, 
        "fit": "parabolic", 
        "value": 12.019697087861609
    }, 
    "Ar41": {
        "error": 0.12259588586111195, 
        "fit": "average_SEM", 
        "value": -0.0038895760814890916
    }
}