{
    "Ar36": {
        "error": 0.0092059353468058186, 
        "fit": "linear", 
        "value": 0.58848063309218901
    }, 
    "Ar37": {
        "error": 0.051905046355096782, 
        "fit": "linear", 
        "value": 0.16991802520433255
    }, 
    "Ar38": {
        "error": 0.24655373599077229, 
        "fit": "linear", 
        "value": 0.19964132637555407
    }, 
    "Ar39": {
        "error": 0.049417510755285186, 
        "fit": "linear", 
        "value": 1.9025241760230385
    }, 
    "Ar40": {
        "error": 0.13373708475033935, 
        "fit": "linear", 
        "value": 181.99249548869591
    }, 
    "Ar41": {
        "error": 0.12509351113064809, 
        "fit": "average_SEM", 
        "value": 0.098072426191689974
    }
}