{
    "Ar36": {
        "error": 0.0026882418934336219, 
        "fit": "parabolic", 
        "value": 0.04663024396641937
    }, 
    "Ar37": {
        "error": 0.053339295135808137, 
        "fit": "linear", 
        "value": 1.8801787700570414
    }, 
    "Ar38": {
        "error": 0.30055207730545525, 
        "fit": "linear", 
        "value": 0.062589587090432275
    }, 
    "Ar39": {
        "error": 0.056538956778741607, 
        "fit": "parabolic", 
        "value": 1.5974985617489628
    }, 
    "Ar40": {
        "error": 0.085337081930766848, 
        "fit": "parabolic", 
        "value": 14.961880607259548
    }, 
    "Ar41": {
        "error": 0.12384417879998977, 
        "fit": "average_SEM", 
        "value": 0.16172048665951783
    }
}