{
    "Ar36": {
        "error": 0.0023610891093055557, 
        "fit": "linear", 
        "value": 0.043411037913945807
    }, 
    "Ar37": {
        "error": 0.054905305112215669, 
        "fit": "linear", 
        "value": 0.19714954701002585
    }, 
    "Ar38": {
        "error": 0.27094734268406218, 
        "fit": "linear", 
        "value": 0.18915397191901603
    }, 
    "Ar39": {
        "error": 0.06126794593106271, 
        "fit": "linear", 
        "value": 11.293535006085843
    }, 
    "Ar40": {
        "error": 0.080019645488094107, 
        "fit": "linear", 
        "value": 20.497711179286952
    }, 
    "Ar41": {
        "error": 0.12502964235149144, 
        "fit": "average_SEM", 
        "value": 0.082378410480709541
    }
}