{
    "Ar36": {
        "error": 0.0043658351713492458, 
        "fit": "parabolic", 
        "value": 0.12436424051656336
    }, 
    "Ar37": {
        "error": 0.049833967230310916, 
        "fit": "linear", 
        "value": 0.022766021478020163
    }, 
    "Ar38": {
        "error": 0.30307395989811542, 
        "fit": "linear", 
        "value": 0.13614098412464487
    }, 
    "Ar39": {
        "error": 0.05677435237900904, 
        "fit": "parabolic", 
        "value": 0.35222851477179029
    }, 
    "Ar40": {
        "error": 0.126912297079459, 
        "fit": "parabolic", 
        "value": 37.946157488778709
    }, 
    "Ar41": {
        "error": 0.12036746930523255, 
        "fit": "average_SEM", 
        "value": 0.215081813675885
    }
}