{
    "Ar36": {
        "error": 0.0011359706769146767, 
        "fit": "linear", 
        "value": 0.0072021949342095876
    }, 
    "Ar37": {
        "error": 0.052289861786373369, 
        "fit": "linear", 
        "value": 0.22089487494984134
    }, 
    "Ar38": {
        "error": 0.32192020341369254, 
        "fit": "linear", 
        "value": 0.061148463174421699
    }, 
    "Ar39": {
        "error": 0.067286110674784225, 
        "fit": "linear", 
        "value": 13.883496574635871
    }, 
    "Ar40": {
        "error": 0.056893233579391321, 
        "fit": "linear", 
        "value": 11.223288729602789
    }, 
    "Ar41": {
        "error": 0.12474356426246357, 
        "fit": "average_SEM", 
        "value": -0.17703978938128179
    }
}