{
    "Ar36": {
        "error": 0.0026181823978111314, 
        "fit": "parabolic", 
        "value": 0.040525033566036484
    }, 
    "Ar37": {
        "error": 0.052525454227712223, 
        "fit": "linear", 
        "value": 0.07066004394519973
    }, 
    "Ar38": {
        "error": 0.32647362478901482, 
        "fit": "linear", 
        "value": 0.4456914245185648
    }, 
    "Ar39": {
        "error": 0.070889276460717646, 
        "fit": "parabolic", 
        "value": 27.264905123629589
    }, 
    "Ar40": {
        "error": 0.096578221781187135, 
        "fit": "parabolic", 
        "value": 30.558678630115814
    }, 
    "Ar41": {
        "error": 0.12867254516768367, 
        "fit": "average_SEM", 
        "value": 0.20152748944431853
    }
}