{
    "Ar36": {
        "error": 0.0012443221098861863, 
        "fit": "linear", 
        "value": 0.0088382160931158166
    }, 
    "Ar37": {
        "error": 0.051049496677722808, 
        "fit": "linear", 
        "value": 0.19563109474920706
    }, 
    "Ar38": {
        "error": 0.27469082771376535, 
        "fit": "linear", 
        "value": 0.23051425626898864
    }, 
    "Ar39": {
        "error": 0.063246813269312627, 
        "fit": "linear", 
        "value": 13.3474708830258
    }, 
    "Ar40": {
        "error": 0.065729300325246778, 
        "fit": "linear", 
        "value": 11.383801435058821
    }, 
    "Ar41": {
        "error": 0.12891437315375723, 
        "fit": "average_SEM", 
        "value": 0.081259292591130364
    }
}