{
    "Ar36": {
        "error": 0.00099885720929677123, 
        "fit": "linear", 
        "value": 0.0070570253951644261
    }, 
    "Ar37": {
        "error": 0.054902597835647229, 
        "fit": "linear", 
        "value": 0.16872678176166545
    }, 
    "Ar38": {
        "error": 0.28124031298121699, 
        "fit": "linear", 
        "value": 0.068937942448902001
    }, 
    "Ar39": {
        "error": 0.061387503833271323, 
        "fit": "linear", 
        "value": 6.2851283676151724
    }, 
    "Ar40": {
        "error": 0.066162271225871039, 
        "fit": "linear", 
        "value": 6.0903150370314361
    }, 
    "Ar41": {
        "error": 0.13197334897571983, 
        "fit": "average_SEM", 
        "value": -0.13750599879486899
    }
}