{
    "Ar36": {
        "error": 0.0020740762454324654, 
        "fit": "linear", 
        "value": 0.03052132877669814
    }, 
    "Ar37": {
        "error": 0.052936446964626502, 
        "fit": "linear", 
        "value": 3.7206187885853934
    }, 
    "Ar38": {
        "error": 0.31898171318017776, 
        "fit": "linear", 
        "value": -0.066964453599736878
    }, 
    "Ar39": {
        "error": 0.058365170346356174, 
        "fit": "linear", 
        "value": 1.6123164679974722
    }, 
    "Ar40": {
        "error": 0.053775004725668457, 
        "fit": "linear", 
        "value": 9.8252899700066045
    }, 
    "Ar41": {
        "error": 0.13354233545619068, 
        "fit": "average_SEM", 
        "value": -0.17091887889481666
    }
}