{
    "Ar36": {
        "error": 0.004903804919032537, 
        "fit": "linear", 
        "value": 0.16997046685582071
    }, 
    "Ar37": {
        "error": 0.051845476869798415, 
        "fit": "linear", 
        "value": 0.18381206991409055
    }, 
    "Ar38": {
        "error": 0.25680972588263795, 
        "fit": "linear", 
        "value": 0.07073244102882241
    }, 
    "Ar39": {
        "error": 0.065417874296715195, 
        "fit": "linear", 
        "value": 2.3816120697517116
    }, 
    "Ar40": {
        "error": 0.10462877552962589, 
        "fit": "linear", 
        "value": 53.586988926265455
    }, 
    "Ar41": {
        "error": 0.11710055825553367, 
        "fit": "average_SEM", 
        "value": 0.089490874275614057
    }
}