{
    "Ar36": {
        "error": 0.011260279964364458, 
        "fit": "linear", 
        "value": 0.94113455752227315
    }, 
    "Ar37": {
        "error": 0.050157528533747844, 
        "fit": "linear", 
        "value": 0.18693084244452049
    }, 
    "Ar38": {
        "error": 0.31975220953271183, 
        "fit": "linear", 
        "value": 0.12937302058879255
    }, 
    "Ar39": {
        "error": 0.065214222928956123, 
        "fit": "linear", 
        "value": 3.2958549462251758
    }, 
    "Ar40": {
        "error": 0.13798917725277299, 
        "fit": "linear", 
        "value": 288.25011501175192
    }, 
    "Ar41": {
        "error": 0.14716594070454991, 
        "fit": "average_SEM", 
        "value": -0.17086026564033496
    }
}