{
    "Ar36": {
        "error": 0.0010272999862823368, 
        "fit": "linear", 
        "value": 0.0056531571309357716
    }, 
    "Ar37": {
        "error": 0.055419586821840956, 
        "fit": "linear", 
        "value": 0.18201961462589808
    }, 
    "Ar38": {
        "error": 0.26942415099717826, 
        "fit": "linear", 
        "value": 0.13919649112645643
    }, 
    "Ar39": {
        "error": 0.063065412758959827, 
        "fit": "linear", 
        "value": 5.5008083628642606
    }, 
    "Ar40": {
        "error": 0.072214669925598982, 
        "fit": "linear", 
        "value": 5.3773284319067685
    }, 
    "Ar41": {
        "error": 0.12845131537211749, 
        "fit": "average_SEM", 
        "value": 0.084752124116574928
    }
}