{
    "Ar36": {
        "error": 0.0010510072363566446, 
        "fit": "linear", 
        "value": 0.004335970261155675
    }, 
    "Ar37": {
        "error": 0.052431003133561416, 
        "fit": "linear", 
        "value": 0.15797601235764797
    }, 
    "Ar38": {
        "error": 0.27372437168161862, 
        "fit": "linear", 
        "value": 0.13413100920959609
    }, 
    "Ar39": {
        "error": 0.059308275474631668, 
        "fit": "linear", 
        "value": 1.6893713319286148
    }, 
    "Ar40": {
        "error": 0.057337002935151114, 
        "fit": "linear", 
        "value": 2.3454196110653238
    }, 
    "Ar41": {
        "error": 0.13619261392933843, 
        "fit": "average_SEM", 
        "value": -0.12523539578089388
    }
}