{
    "Ar36": {
        "error": 0.0013734507096258648, 
        "fit": "linear", 
        "value": 0.013672111787454481
    }, 
    "Ar37": {
        "error": 0.054277152022811047, 
        "fit": "linear", 
        "value": 0.22542900987714198
    }, 
    "Ar38": {
        "error": 0.33085449816810586, 
        "fit": "linear", 
        "value": 0.070600445583183735
    }, 
    "Ar39": {
        "error": 0.063530713642591746, 
        "fit": "linear", 
        "value": 14.800908648373813
    }, 
    "Ar40": {
        "error": 0.069147982370005731, 
        "fit": "linear", 
        "value": 13.55299295573662
    }, 
    "Ar41": {
        "error": 0.12931720995948504, 
        "fit": "average_SEM", 
        "value": -0.1893986956268135
    }
}