{
    "Ar36": {
        "error": 0.0014010715365892468, 
        "fit": "linear", 
        "value": 0.012142755859249881
    }, 
    "Ar37": {
        "error": 0.054364734090525405, 
        "fit": "linear", 
        "value": 0.22811468846534369
    }, 
    "Ar38": {
        "error": 0.27138683426530663, 
        "fit": "linear", 
        "value": 0.29316973195090901
    }, 
    "Ar39": {
        "error": 0.072328423758714663, 
        "fit": "linear", 
        "value": 19.177099754523486
    }, 
    "Ar40": {
        "error": 0.10421661145776979, 
        "fit": "linear", 
        "value": 16.212807272183195
    }, 
    "Ar41": {
        "error": 0.12379880860111284, 
        "fit": "average_SEM", 
        "value": 0.096455342453878573
    }
}