{
    "Ar36": {
        "error": 0.0014500992636768955, 
        "fit": "linear", 
        "value": 0.010374901003159805
    }, 
    "Ar37": {
        "error": 0.054678098993341605, 
        "fit": "linear", 
        "value": 1.7076160465029684
    }, 
    "Ar38": {
        "error": 0.32685532730634898, 
        "fit": "linear", 
        "value": -0.09872955080260816
    }, 
    "Ar39": {
        "error": 0.055365637661419824, 
        "fit": "linear", 
        "value": 0.83254924352490722
    }, 
    "Ar40": {
        "error": 0.056503708836030335, 
        "fit": "linear", 
        "value": 3.4627000696822767
    }, 
    "Ar41": {
        "error": 0.13076149747491986, 
        "fit": "average_SEM", 
        "value": -0.17237500995656269
    }
}