{
    "Ar36": {
        "error": 0.014881065137951986, 
        "fit": "linear", 
        "value": 1.4098559877448835
    }, 
    "Ar37": {
        "error": 0.053834560977987542, 
        "fit": "linear", 
        "value": 0.18531290249456528
    }, 
    "Ar38": {
        "error": 0.27093320813965249, 
        "fit": "linear", 
        "value": 0.40912069309247928
    }, 
    "Ar39": {
        "error": 0.068065664577120266, 
        "fit": "linear", 
        "value": 6.2629569394214073
    }, 
    "Ar40": {
        "error": 0.18692616872304904, 
        "fit": "linear", 
        "value": 429.0592219798441
    }, 
    "Ar41": {
        "error": 0.12773402318580673, 
        "fit": "average_SEM", 
        "value": -0.1025964536233611
    }
}