{
    "Ar36": {
        "error": 0.0015722961587058952, 
        "fit": "parabolic", 
        "value": 0.012690691855189801
    }, 
    "Ar37": {
        "error": 0.052429010972333746, 
        "fit": "linear", 
        "value": 0.20867725865026282
    }, 
    "Ar38": {
        "error": 0.18959619093333521, 
        "fit": "linear", 
        "value": -0.0046979344650629638
    }, 
    "Ar39": {
        "error": 0.057442770562771209, 
        "fit": "parabolic", 
        "value": 0.21972096164905425
    }, 
    "Ar40": {
        "error": 0.060070996577069359, 
        "fit": "parabolic", 
        "value": 4.1374075904308469
    }, 
    "Ar41": {
        "error": 0.12419312040524033, 
        "fit": "average_SEM", 
        "value": -0.10718361596111209
    }
}