{
    "Ar36": {
        "error": 0.001818237847453757, 
        "fit": "parabolic", 
        "value": 0.018345382749003016
    }, 
    "Ar37": {
        "error": 0.051194088299265576, 
        "fit": "linear", 
        "value": 0.060749103520131964
    }, 
    "Ar38": {
        "error": 0.2190608327462634, 
        "fit": "linear", 
        "value": 0.17266668629055704
    }, 
    "Ar39": {
        "error": 0.066321091732857343, 
        "fit": "parabolic", 
        "value": 15.693453739162198
    }, 
    "Ar40": {
        "error": 0.065075660700402549, 
        "fit": "parabolic", 
        "value": 16.683921971898314
    }, 
    "Ar41": {
        "error": 0.15562521446347055, 
        "fit": "average_SEM", 
        "value": -0.01911681705622565
    }
}