{
    "Ar36": {
        "error": 0.0018267400796930101, 
        "fit": "parabolic", 
        "value": 0.017809992413247086
    }, 
    "Ar37": {
        "error": 0.052211180368436978, 
        "fit": "linear", 
        "value": 0.081851964972758443
    }, 
    "Ar38": {
        "error": 0.22437272481209883, 
        "fit": "linear", 
        "value": 0.31325245836264742
    }, 
    "Ar39": {
        "error": 0.071010931112622383, 
        "fit": "parabolic", 
        "value": 27.774245641837666
    }, 
    "Ar40": {
        "error": 0.063900124233404354, 
        "fit": "parabolic", 
        "value": 23.515311374217831
    }, 
    "Ar41": {
        "error": 0.1219228692133397, 
        "fit": "average_SEM", 
        "value": -0.118573059858536
    }
}