{
    "Ar36": {
        "error": 0.0075460648555357281, 
        "fit": "parabolic", 
        "value": 0.40751146186695519
    }, 
    "Ar37": {
        "error": 0.050463902803109688, 
        "fit": "linear", 
        "value": 0.032687990770918433
    }, 
    "Ar38": {
        "error": 0.20042725273974499, 
        "fit": "linear", 
        "value": 0.060569899455332948
    }, 
    "Ar39": {
        "error": 0.056282566717897622, 
        "fit": "parabolic", 
        "value": 1.5415046940526052
    }, 
    "Ar40": {
        "error": 0.10032372083236556, 
        "fit": "parabolic", 
        "value": 125.73376006007206
    }, 
    "Ar41": {
        "error": 0.11618333615550437, 
        "fit": "average_SEM", 
        "value": -0.1036495336513811
    }
}