{
    "Ar36": {
        "error": 0.0013168546360102541, 
        "fit": "linear", 
        "value": 0.0089731320032134451
    }, 
    "Ar37": {
        "error": 0.048371177566020135, 
        "fit": "linear", 
        "value": 0.17935800001449143
    }, 
    "Ar38": {
        "error": 0.26021050866942463, 
        "fit": "linear", 
        "value": 0.038086374158924192
    }, 
    "Ar39": {
        "error": 0.064627075882674467, 
        "fit": "linear", 
        "value": 3.5643993868024024
    }, 
    "Ar40": {
        "error": 0.070687118228854248, 
        "fit": "linear", 
        "value": 5.0741261672569546
    }, 
    "Ar41": {
        "error": 0.11727241932043893, 
        "fit": "average_SEM", 
        "value": -0.11552715490623895
    }
}