{
    "Ar36": {
        "error": 0.0055954931267201569, 
        "fit": "linear", 
        "value": 0.20078323483361754
    }, 
    "Ar37": {
        "error": 0.055190783543344071, 
        "fit": "linear", 
        "value": 0.17883179038887367
    }, 
    "Ar38": {
        "error": 0.22415361828789271, 
        "fit": "linear", 
        "value": 0.11485821727076378
    }, 
    "Ar39": {
        "error": 0.059818444125671652, 
        "fit": "linear", 
        "value": 1.1400393505285182
    }, 
    "Ar40": {
        "error": 0.16296756706590709, 
        "fit": "linear", 
        "value": 61.845636777859696
    }, 
    "Ar41": {
        "error": 0.11736796209419262, 
        "fit": "average_SEM", 
        "value": -0.061343629222311492
    }
}