{
    "Ar36": {
        "error": 0.0010599126803651469, 
        "fit": "linear", 
        "value": 0.0058653852822811332
    }, 
    "Ar37": {
        "error": 0.0561163216541136, 
        "fit": "linear", 
        "value": 0.27196145961464568
    }, 
    "Ar38": {
        "error": 0.25317838417654859, 
        "fit": "linear", 
        "value": 0.47252661449363709
    }, 
    "Ar39": {
        "error": 0.072918638024839208, 
        "fit": "linear", 
        "value": 30.949501114837833
    }, 
    "Ar40": {
        "error": 0.066171195724752691, 
        "fit": "linear", 
        "value": 21.552981044769396
    }, 
    "Ar41": {
        "error": 0.1216277740523794, 
        "fit": "average_SEM", 
        "value": -0.044845012826327649
    }
}