{
    "Ar36": {
        "error": 0.001127647630865932, 
        "fit": "linear", 
        "value": 0.0049764812848355627
    }, 
    "Ar37": {
        "error": 0.054159088998180262, 
        "fit": "linear", 
        "value": 0.39297691082597191
    }, 
    "Ar38": {
        "error": 0.27450521824627711, 
        "fit": "linear", 
        "value": 0.7661698996746712
    }, 
    "Ar39": {
        "error": 0.092517106589224893, 
        "fit": "linear", 
        "value": 60.386907547686093
    }, 
    "Ar40": {
        "error": 0.066338910144630808, 
        "fit": "linear", 
        "value": 40.291334801422543
    }, 
    "Ar41": {
        "error": 0.12196098857407088, 
        "fit": "average_SEM", 
        "value": -0.098694162811605368
    }
}