{
    "Ar36": {
        "error": 0.0023023111013959455, 
        "fit": "linear", 
        "value": 0.03313980737048966
    }, 
    "Ar37": {
        "error": 0.057547919025540413, 
        "fit": "linear", 
        "value": 0.73449441998550768
    }, 
    "Ar38": {
        "error": 0.29587266029990739, 
        "fit": "linear", 
        "value": 1.6172444637078505
    }, 
    "Ar39": {
        "error": 0.1181142844951671, 
        "fit": "linear", 
        "value": 135.66953643919084
    }, 
    "Ar40": {
        "error": 0.094151419899139152, 
        "fit": "linear", 
        "value": 96.74762611846927
    }, 
    "Ar41": {
        "error": 0.12352922414590435, 
        "fit": "average_SEM", 
        "value": -0.17034363769214703
    }
}