{
    "Ar36": {
        "error": 0.001596929374140052, 
        "fit": "linear", 
        "value": 0.015163896534912355
    }, 
    "Ar37": {
        "error": 0.058639116627703811, 
        "fit": "linear", 
        "value": 0.60075507309287535
    }, 
    "Ar38": {
        "error": 0.33377978151826793, 
        "fit": "linear", 
        "value": 1.2298426063246191
    }, 
    "Ar39": {
        "error": 0.1057039329513379, 
        "fit": "linear", 
        "value": 101.27683392518323
    }, 
    "Ar40": {
        "error": 0.080622692808734311, 
        "fit": "linear", 
        "value": 69.36874485789761
    }, 
    "Ar41": {
        "error": 0.12969732517229907, 
        "fit": "average_SEM", 
        "value": -0.17666454654479619
    }
}