{
    "Ar36": {
        "error": 0.0015755714675346046, 
        "fit": "linear", 
        "value": 0.012749154197901137
    }, 
    "Ar37": {
        "error": 0.053279089031606053, 
        "fit": "linear", 
        "value": 0.28384589150297063
    }, 
    "Ar38": {
        "error": 0.27707530325165469, 
        "fit": "linear", 
        "value": 0.46817701315875149
    }, 
    "Ar39": {
        "error": 0.075864725492162943, 
        "fit": "linear", 
        "value": 29.703732393175962
    }, 
    "Ar40": {
        "error": 0.10022746575785102, 
        "fit": "linear", 
        "value": 22.89972194535763
    }, 
    "Ar41": {
        "error": 0.12340409987274152, 
        "fit": "average_SEM", 
        "value": -0.092927969278793571
    }
}