{
    "Ar36": {
        "error": 0.005311282358941025, 
        "fit": "linear", 
        "value": 0.15875426200597115
    }, 
    "Ar37": {
        "error": 0.050222549934401894, 
        "fit": "linear", 
        "value": 0.1897223591503169
    }, 
    "Ar38": {
        "error": 0.24636191095876395, 
        "fit": "linear", 
        "value": 0.085665898300134477
    }, 
    "Ar39": {
        "error": 0.061717487828214582, 
        "fit": "linear", 
        "value": 1.4850147671266374
    }, 
    "Ar40": {
        "error": 0.27997675680307282, 
        "fit": "linear", 
        "value": 49.445175336112101
    }, 
    "Ar41": {
        "error": 0.13476655130853518, 
        "fit": "average_SEM", 
        "value": -0.10477400314864806
    }
}