{
    "Ar36": {
        "error": 0.0015045864555550082, 
        "fit": "linear", 
        "value": 0.01199459616046902
    }, 
    "Ar37": {
        "error": 0.052007427351824634, 
        "fit": "linear", 
        "value": 0.20129867404722201
    }, 
    "Ar38": {
        "error": 0.22044716012844232, 
        "fit": "linear", 
        "value": 0.12532161689588706
    }, 
    "Ar39": {
        "error": 0.059294160044050144, 
        "fit": "linear", 
        "value": 4.8796504326669305
    }, 
    "Ar40": {
        "error": 0.087840419007681331, 
        "fit": "linear", 
        "value": 6.7948618698190018
    }, 
    "Ar41": {
        "error": 0.12977483222661931, 
        "fit": "average_SEM", 
        "value": -0.041832838707826642
    }
}