{
    "Ar36": {
        "error": 0.0016093058789034026, 
        "fit": "linear", 
        "value": 0.014186276828979633
    }, 
    "Ar37": {
        "error": 0.049318920384070285, 
        "fit": "linear", 
        "value": 0.18939883931581747
    }, 
    "Ar38": {
        "error": 0.23346542777290838, 
        "fit": "linear", 
        "value": 0.11685619558232084
    }, 
    "Ar39": {
        "error": 0.058732613445237551, 
        "fit": "linear", 
        "value": 5.5003641105202652
    }, 
    "Ar40": {
        "error": 0.10118435840447711, 
        "fit": "linear", 
        "value": 7.9940894400798896
    }, 
    "Ar41": {
        "error": 0.12260481761969007, 
        "fit": "average_SEM", 
        "value": -0.088844665016707347
    }
}