{
    "Ar36": {
        "error": 0.0011706782642286126, 
        "fit": "linear", 
        "value": 0.0076025058978627215
    }, 
    "Ar37": {
        "error": 0.047549341358530409, 
        "fit": "linear", 
        "value": 0.22368405733126523
    }, 
    "Ar38": {
        "error": 0.256405656191243, 
        "fit": "linear", 
        "value": 0.23060309077519181
    }, 
    "Ar39": {
        "error": 0.063602169884087206, 
        "fit": "linear", 
        "value": 17.314063041814265
    }, 
    "Ar40": {
        "error": 0.064185017341240463, 
        "fit": "linear", 
        "value": 13.384775296919067
    }, 
    "Ar41": {
        "error": 0.11754884036393358, 
        "fit": "average_SEM", 
        "value": -0.1165144535066146
    }
}