{
    "Ar36": {
        "error": 0.0016440727058237813, 
        "fit": "linear", 
        "value": 0.015187207258877594
    }, 
    "Ar37": {
        "error": 0.057559071764934279, 
        "fit": "linear", 
        "value": 0.20099115259230488
    }, 
    "Ar38": {
        "error": 0.28320191135236017, 
        "fit": "linear", 
        "value": -0.068428156608012075
    }, 
    "Ar39": {
        "error": 0.061286909013900888, 
        "fit": "linear", 
        "value": 6.3984149402115431
    }, 
    "Ar40": {
        "error": 0.060624078033770241, 
        "fit": "linear", 
        "value": 8.7241540919831717
    }, 
    "Ar41": {
        "error": 0.12566533013627565, 
        "fit": "average_SEM", 
        "value": -0.13733858578941888
    }
}