{
    "Ar36": {
        "error": 0.0041979373281668883, 
        "fit": "linear", 
        "value": 0.11654069391941457
    }, 
    "Ar37": {
        "error": 0.052266750941049933, 
        "fit": "linear", 
        "value": 0.16780362032220375
    }, 
    "Ar38": {
        "error": 0.25371195035390692, 
        "fit": "linear", 
        "value": 0.038773762267899019
    }, 
    "Ar39": {
        "error": 0.065770586082986859, 
        "fit": "linear", 
        "value": 1.0282442069655131
    }, 
    "Ar40": {
        "error": 0.15967166262816962, 
        "fit": "linear", 
        "value": 36.148186733631583
    }, 
    "Ar41": {
        "error": 0.12015832903988329, 
        "fit": "average_SEM", 
        "value": -0.12199872300908383
    }
}