{
    "Ar36": {
        "error": 0.0015808881296366499, 
        "fit": "linear", 
        "value": 0.015105116535223603
    }, 
    "Ar37": {
        "error": 0.055494307514697951, 
        "fit": "linear", 
        "value": 0.23329228307401673
    }, 
    "Ar38": {
        "error": 0.33090041335997489, 
        "fit": "linear", 
        "value": 0.114053056586606
    }, 
    "Ar39": {
        "error": 0.070264382806354983, 
        "fit": "linear", 
        "value": 13.072681284235177
    }, 
    "Ar40": {
        "error": 0.087934679875172936, 
        "fit": "linear", 
        "value": 13.064515223235645
    }, 
    "Ar41": {
        "error": 0.12270597802379082, 
        "fit": "average_SEM", 
        "value": -0.17815937841078267
    }
}