{
    "Ar36": {
        "error": 0.0017695496926637372, 
        "fit": "linear", 
        "value": 0.016378069593159031
    }, 
    "Ar37": {
        "error": 0.05310351127770261, 
        "fit": "linear", 
        "value": 0.30291048348508165
    }, 
    "Ar38": {
        "error": 0.24896882305485457, 
        "fit": "linear", 
        "value": 0.40642437537472753
    }, 
    "Ar39": {
        "error": 0.069189624164270963, 
        "fit": "linear", 
        "value": 25.914842629719004
    }, 
    "Ar40": {
        "error": 0.093016734253431974, 
        "fit": "linear", 
        "value": 21.434810283353695
    }, 
    "Ar41": {
        "error": 0.11568140682584731, 
        "fit": "average_SEM", 
        "value": -0.06536703264003639
    }
}