{
    "Ar36": {
        "error": 0.0057237527869695567, 
        "fit": "linear", 
        "value": 0.23063934102336989
    }, 
    "Ar37": {
        "error": 0.053313392692064705, 
        "fit": "linear", 
        "value": 0.17306827069268044
    }, 
    "Ar38": {
        "error": 0.29243023418253045, 
        "fit": "linear", 
        "value": -0.10777339264142341
    }, 
    "Ar39": {
        "error": 0.062421655344620769, 
        "fit": "linear", 
        "value": 1.1152997259060231
    }, 
    "Ar40": {
        "error": 0.095660680718742896, 
        "fit": "linear", 
        "value": 70.653213222213992
    }, 
    "Ar41": {
        "error": 0.1336788911376901, 
        "fit": "average_SEM", 
        "value": -0.16225981137346632
    }
}