{
    "Ar36": {
        "error": 0.0038494957313713533, 
        "fit": "parabolic", 
        "value": 0.09928694933699414
    }, 
    "Ar37": {
        "error": 0.05356720261159767, 
        "fit": "linear", 
        "value": 0.065837851160427813
    }, 
    "Ar38": {
        "error": 0.20252532270158052, 
        "fit": "linear", 
        "value": 0.2747167620673252
    }, 
    "Ar39": {
        "error": 0.066489089118940192, 
        "fit": "parabolic", 
        "value": 22.09723293142978
    }, 
    "Ar40": {
        "error": 0.09252140160801868, 
        "fit": "parabolic", 
        "value": 44.430280154834421
    }, 
    "Ar41": {
        "error": 0.10984141573387357, 
        "fit": "average_SEM", 
        "value": -0.11404697898930559
    }
}