{
    "Ar36": {
        "error": 0.0032852698805898761, 
        "fit": "parabolic", 
        "value": 0.070734005019339172
    }, 
    "Ar37": {
        "error": 0.050884527067450475, 
        "fit": "linear", 
        "value": 0.093622311742385431
    }, 
    "Ar38": {
        "error": 0.20979215553017166, 
        "fit": "linear", 
        "value": 0.39438026023291151
    }, 
    "Ar39": {
        "error": 0.075538323333171745, 
        "fit": "parabolic", 
        "value": 32.681131283316731
    }, 
    "Ar40": {
        "error": 0.077726142623212799, 
        "fit": "parabolic", 
        "value": 41.914534953126463
    }, 
    "Ar41": {
        "error": 0.11360532429897123, 
        "fit": "average_SEM", 
        "value": -0.12551806545641739
    }
}