{
    "Ar36": {
        "error": 0.0048626631887967696, 
        "fit": "linear", 
        "value": 0.1616875185044368
    }, 
    "Ar37": {
        "error": 0.053447699956790752, 
        "fit": "linear", 
        "value": 0.17343326094142869
    }, 
    "Ar38": {
        "error": 0.27507116596284298, 
        "fit": "linear", 
        "value": 0.031999847298995861
    }, 
    "Ar39": {
        "error": 0.057414448030432108, 
        "fit": "linear", 
        "value": 0.87007367356286003
    }, 
    "Ar40": {
        "error": 0.086525525309034637, 
        "fit": "linear", 
        "value": 53.787230715231686
    }, 
    "Ar41": {
        "error": 0.12214646868116728, 
        "fit": "average_SEM", 
        "value": -0.10833900085611579
    }
}