{
    "Ar36": {
        "error": 0.0048749754932337725, 
        "fit": "linear", 
        "value": 0.14128286235669629
    }, 
    "Ar37": {
        "error": 0.050853311306278418, 
        "fit": "linear", 
        "value": 1.367056854179465
    }, 
    "Ar38": {
        "error": 0.23047795778556351, 
        "fit": "linear", 
        "value": 0.13872361724556392
    }, 
    "Ar39": {
        "error": 0.055539470580639794, 
        "fit": "linear", 
        "value": 0.7799807600805595
    }, 
    "Ar40": {
        "error": 0.10285211140128307, 
        "fit": "linear", 
        "value": 43.734455630683115
    }, 
    "Ar41": {
        "error": 0.12346889016600385, 
        "fit": "average_SEM", 
        "value": -0.036640712508880013
    }
}