{
    "Ar36": {
        "error": 0.00099775675622309871, 
        "fit": "linear", 
        "value": 0.0046387008763361225
    }, 
    "Ar37": {
        "error": 0.053297151914153032, 
        "fit": "linear", 
        "value": 0.95609770780772108
    }, 
    "Ar38": {
        "error": 0.22869723837044054, 
        "fit": "linear", 
        "value": 0.059295130693631022
    }, 
    "Ar39": {
        "error": 0.051505297701886416, 
        "fit": "linear", 
        "value": 0.5282472520119782
    }, 
    "Ar40": {
        "error": 0.045863418491931568, 
        "fit": "linear", 
        "value": 1.6417287952665649
    }, 
    "Ar41": {
        "error": 0.12736572750598144, 
        "fit": "average_SEM", 
        "value": -0.041335327998321091
    }
}