{
    "Ar36": {
        "error": 0.0036248320430808697, 
        "fit": "parabolic", 
        "value": 0.09308508360815182
    }, 
    "Ar37": {
        "error": 0.05184944514791999, 
        "fit": "linear", 
        "value": 0.032744748027139864
    }, 
    "Ar38": {
        "error": 0.17829120789545014, 
        "fit": "linear", 
        "value": 0.007065798559139645
    }, 
    "Ar39": {
        "error": 0.056939183016761805, 
        "fit": "parabolic", 
        "value": 1.5056350345115621
    }, 
    "Ar40": {
        "error": 0.084897744334602468, 
        "fit": "parabolic", 
        "value": 29.737489791049356
    }, 
    "Ar41": {
        "error": 0.12252950641659888, 
        "fit": "average_SEM", 
        "value": -0.12238012767333808
    }
}