{
    "Ar36": {
        "error": 0.0016303743367039004, 
        "fit": "linear", 
        "value": 0.012737227126796487
    }, 
    "Ar37": {
        "error": 0.049434647577155148, 
        "fit": "linear", 
        "value": 1.0478716673678896
    }, 
    "Ar38": {
        "error": 0.24495313023631832, 
        "fit": "linear", 
        "value": 0.14079089594828284
    }, 
    "Ar39": {
        "error": 0.060466595355869637, 
        "fit": "linear", 
        "value": 0.57233660260881059
    }, 
    "Ar40": {
        "error": 0.096446527733987986, 
        "fit": "linear", 
        "value": 4.0910660917607657
    }, 
    "Ar41": {
        "error": 0.12003733177502381, 
        "fit": "average_SEM", 
        "value": -0.022984267292000975
    }
}