{
    "Ar36": {
        "error": 0.0015215520238517314, 
        "fit": "linear", 
        "value": 0.013223525165775379
    }, 
    "Ar37": {
        "error": 0.047095292951004716, 
        "fit": "linear", 
        "value": 1.574832638857957
    }, 
    "Ar38": {
        "error": 0.25003688524988266, 
        "fit": "linear", 
        "value": 0.12706732262993498
    }, 
    "Ar39": {
        "error": 0.055078165884739023, 
        "fit": "linear", 
        "value": 0.80556706420851176
    }, 
    "Ar40": {
        "error": 0.061190118722692456, 
        "fit": "linear", 
        "value": 4.505617587664335
    }, 
    "Ar41": {
        "error": 0.12160273753134951, 
        "fit": "average_SEM", 
        "value": -0.028650172122676548
    }
}