{
    "Ar36": {
        "error": 0.0023458276616090791, 
        "fit": "linear", 
        "value": 0.030895303462824431
    }, 
    "Ar37": {
        "error": 0.054280206993687845, 
        "fit": "linear", 
        "value": 0.17591333651775415
    }, 
    "Ar38": {
        "error": 0.25080720029115228, 
        "fit": "linear", 
        "value": 0.25997208042509218
    }, 
    "Ar39": {
        "error": 0.062619538665342797, 
        "fit": "linear", 
        "value": 4.4796125302259817
    }, 
    "Ar40": {
        "error": 0.059726122388554584, 
        "fit": "linear", 
        "value": 11.88838850011237
    }, 
    "Ar41": {
        "error": 0.13059064831212369, 
        "fit": "average_SEM", 
        "value": -0.12987054069461818
    }
}