{
    "Ar36": {
        "error": 0.0020526400651629372, 
        "fit": "linear", 
        "value": 0.026887371976294219
    }, 
    "Ar37": {
        "error": 0.053583253021574066, 
        "fit": "linear", 
        "value": 0.23273708579967806
    }, 
    "Ar38": {
        "error": 0.21159121389816601, 
        "fit": "linear", 
        "value": -0.028900374412170558
    }, 
    "Ar39": {
        "error": 0.061319406304442603, 
        "fit": "linear", 
        "value": 16.702779671217776
    }, 
    "Ar40": {
        "error": 0.065578509601931873, 
        "fit": "linear", 
        "value": 18.616609476317365
    }, 
    "Ar41": {
        "error": 0.12627358284313786, 
        "fit": "average_SEM", 
        "value": -0.15970350461882643
    }
}