{
    "Ar36": {
        "error": 0.0016159925538858817, 
        "fit": "linear", 
        "value": 0.01116656502442359
    }, 
    "Ar37": {
        "error": 0.058102366538323534, 
        "fit": "linear", 
        "value": 0.30709610607490895
    }, 
    "Ar38": {
        "error": 0.27623158213276444, 
        "fit": "linear", 
        "value": 0.35769322355729483
    }, 
    "Ar39": {
        "error": 0.083505496029663825, 
        "fit": "linear", 
        "value": 32.670248235037789
    }, 
    "Ar40": {
        "error": 0.067108854586067926, 
        "fit": "linear", 
        "value": 24.663225354446077
    }, 
    "Ar41": {
        "error": 0.121960114918896, 
        "fit": "average_SEM", 
        "value": -0.091664590931193543
    }
}