{
    "Ar36": {
        "error": 0.0052370603657159965, 
        "fit": "linear", 
        "value": 0.21245760815396547
    }, 
    "Ar37": {
        "error": 0.051355570468004576, 
        "fit": "linear", 
        "value": 0.18233925752629271
    }, 
    "Ar38": {
        "error": 0.14980219477796819, 
        "fit": "linear", 
        "value": -0.14202073587945629
    }, 
    "Ar39": {
        "error": 0.057173975144530813, 
        "fit": "linear", 
        "value": 2.9877691304998035
    }, 
    "Ar40": {
        "error": 0.091546968349159347, 
        "fit": "linear", 
        "value": 65.811086065763845
    }, 
    "Ar41": {
        "error": 0.13006886876719498, 
        "fit": "average_SEM", 
        "value": -0.14961421259277913
    }
}