{
    "Ar36": {
        "error": 0.001673390114661343, 
        "fit": "linear", 
        "value": 0.016980794994563633
    }, 
    "Ar37": {
        "error": 0.055000085004259333, 
        "fit": "linear", 
        "value": 2.518465608142447
    }, 
    "Ar38": {
        "error": 0.25236518430643301, 
        "fit": "linear", 
        "value": 0.1581210456337285
    }, 
    "Ar39": {
        "error": 0.058468189562822674, 
        "fit": "linear", 
        "value": 1.2461817126988577
    }, 
    "Ar40": {
        "error": 0.079769633093456818, 
        "fit": "linear", 
        "value": 5.7401941969681181
    }, 
    "Ar41": {
        "error": 0.12476625446156442, 
        "fit": "average_SEM", 
        "value": -0.013278257117286153
    }
}