{
    "Ar36": {
        "error": 0.0089236513203653466, 
        "fit": "linear", 
        "value": 0.5003542423619336
    }, 
    "Ar37": {
        "error": 0.050135831121113882, 
        "fit": "linear", 
        "value": 0.16723750659254144
    }, 
    "Ar38": {
        "error": 0.24981444321642546, 
        "fit": "linear", 
        "value": 0.19012117965455252
    }, 
    "Ar39": {
        "error": 0.056605706812923262, 
        "fit": "linear", 
        "value": 2.6754917618775602
    }, 
    "Ar40": {
        "error": 0.12914105329619988, 
        "fit": "linear", 
        "value": 153.13376738429156
    }, 
    "Ar41": {
        "error": 0.1126697745709157, 
        "fit": "average_SEM", 
        "value": -0.016788791687900408
    }
}