{
    "Ar36": {
        "error": 0.005459559895601266, 
        "fit": "parabolic", 
        "value": 0.2132089341803442
    }, 
    "Ar37": {
        "error": 0.051693375175276057, 
        "fit": "linear", 
        "value": 0.028427157398973509
    }, 
    "Ar38": {
        "error": 0.1879330193693646, 
        "fit": "linear", 
        "value": 0.018532152206017304
    }, 
    "Ar39": {
        "error": 0.057045790541921777, 
        "fit": "parabolic", 
        "value": 1.0813695224871769
    }, 
    "Ar40": {
        "error": 0.11318053843112254, 
        "fit": "parabolic", 
        "value": 65.5307454020368
    }, 
    "Ar41": {
        "error": 0.1216793132937103, 
        "fit": "average_SEM", 
        "value": -0.1058562829811126
    }
}