{
    "Ar36": {
        "error": 0.0017729596508992676, 
        "fit": "linear", 
        "value": 0.020586139042908621
    }, 
    "Ar37": {
        "error": 0.051174759656921275, 
        "fit": "linear", 
        "value": 0.22170551556670476
    }, 
    "Ar38": {
        "error": 0.26617390724679924, 
        "fit": "linear", 
        "value": 0.13574575850085915
    }, 
    "Ar39": {
        "error": 0.065703269337536202, 
        "fit": "linear", 
        "value": 11.914598591503193
    }, 
    "Ar40": {
        "error": 0.064066228412976156, 
        "fit": "linear", 
        "value": 13.852306645799239
    }, 
    "Ar41": {
        "error": 0.12079868397765872, 
        "fit": "average_SEM", 
        "value": -0.11001224884263744
    }
}