{
    "Ar36": {
        "error": 0.0012977020791890251, 
        "fit": "parabolic", 
        "value": 0.0072021568002744833
    }, 
    "Ar37": {
        "error": 0.052321770009986023, 
        "fit": "linear", 
        "value": 0.068930294481849369
    }, 
    "Ar38": {
        "error": 0.20334749168686114, 
        "fit": "linear", 
        "value": 0.24907617045548702
    }, 
    "Ar39": {
        "error": 0.069250813399840627, 
        "fit": "parabolic", 
        "value": 23.427324114716956
    }, 
    "Ar40": {
        "error": 0.073428750011417632, 
        "fit": "parabolic", 
        "value": 17.827593005402058
    }, 
    "Ar41": {
        "error": 0.12392252837111875, 
        "fit": "average_SEM", 
        "value": -0.13882021246547993
    }
}