{
    "Ar36": {
        "error": 0.0037743536545183256, 
        "fit": "parabolic", 
        "value": 0.10133594945892739
    }, 
    "Ar37": {
        "error": 0.051999554460140207, 
        "fit": "linear", 
        "value": 0.03141505745705106
    }, 
    "Ar38": {
        "error": 0.18747050360434991, 
        "fit": "linear", 
        "value": -0.029161720624316698
    }, 
    "Ar39": {
        "error": 0.058211781287048667, 
        "fit": "parabolic", 
        "value": 0.82352184926966931
    }, 
    "Ar40": {
        "error": 0.077015512136223027, 
        "fit": "parabolic", 
        "value": 31.189838991519398
    }, 
    "Ar41": {
        "error": 0.11645125327708315, 
        "fit": "average_SEM", 
        "value": -0.13416574178171384
    }
}