{
    "Ar36": {
        "error": 0.002072209255315659, 
        "fit": "parabolic", 
        "value": 0.025878730012261569
    }, 
    "Ar37": {
        "error": 0.050940571738869816, 
        "fit": "linear", 
        "value": 0.13246363623066792
    }, 
    "Ar38": {
        "error": 0.22247019662628881, 
        "fit": "linear", 
        "value": 0.65565784384465475
    }, 
    "Ar39": {
        "error": 0.086426177134360321, 
        "fit": "parabolic", 
        "value": 54.442190554411646
    }, 
    "Ar40": {
        "error": 0.07664616278718922, 
        "fit": "parabolic", 
        "value": 42.681708332897642
    }, 
    "Ar41": {
        "error": 0.11404992249518676, 
        "fit": "average_SEM", 
        "value": -0.12922877703659955
    }
}