{
    "Ar36": {
        "error": 0.0024358057286028882, 
        "fit": "parabolic", 
        "value": 0.038380220682920491
    }, 
    "Ar37": {
        "error": 0.052253727870133694, 
        "fit": "linear", 
        "value": 0.069973065536562365
    }, 
    "Ar38": {
        "error": 0.1950652681105387, 
        "fit": "linear", 
        "value": 0.21425799659512729
    }, 
    "Ar39": {
        "error": 0.070197970401201529, 
        "fit": "parabolic", 
        "value": 20.488543560407599
    }, 
    "Ar40": {
        "error": 0.064967257872732942, 
        "fit": "parabolic", 
        "value": 24.534346328699105
    }, 
    "Ar41": {
        "error": 0.12108049809329305, 
        "fit": "average_SEM", 
        "value": -0.14028814224938591
    }
}