{
    "Ar36": {
        "error": 0.0037822099288848635, 
        "fit": "linear", 
        "value": 0.085167706830728857
    }, 
    "Ar37": {
        "error": 0.069286439647121056, 
        "fit": "linear", 
        "value": 19.478731172579799
    }, 
    "Ar38": {
        "error": 0.25897380772457596, 
        "fit": "linear", 
        "value": 0.20360632427936759
    }, 
    "Ar39": {
        "error": 0.062274094157530741, 
        "fit": "linear", 
        "value": 7.5524971374090919
    }, 
    "Ar40": {
        "error": 0.074365183092056947, 
        "fit": "linear", 
        "value": 28.804100840398867
    }, 
    "Ar41": {
        "error": 0.11771920265181617, 
        "fit": "average_SEM", 
        "value": -0.054059113758719628
    }
}