{
    "Ar36": {
        "error": 0.0011792617200605143, 
        "fit": "linear", 
        "value": 0.0066408326774942752
    }, 
    "Ar37": {
        "error": 0.056089139723805241, 
        "fit": "linear", 
        "value": 0.24020127480553261
    }, 
    "Ar38": {
        "error": 0.25194413430746565, 
        "fit": "linear", 
        "value": 0.4043253619700663
    }, 
    "Ar39": {
        "error": 0.064734833662844091, 
        "fit": "linear", 
        "value": 19.480354275025547
    }, 
    "Ar40": {
        "error": 0.066375355050518961, 
        "fit": "linear", 
        "value": 14.678098012402875
    }, 
    "Ar41": {
        "error": 0.1202291718436173, 
        "fit": "average_SEM", 
        "value": -0.023962145329753385
    }
}