{
    "Ar36": {
        "error": 0.0025285367108266454, 
        "fit": "linear", 
        "value": 0.037260355067659783
    }, 
    "Ar37": {
        "error": 0.053958450481014851, 
        "fit": "linear", 
        "value": 0.15856693589768578
    }, 
    "Ar38": {
        "error": 0.24512626148898406, 
        "fit": "linear", 
        "value": 0.17315557521171387
    }, 
    "Ar39": {
        "error": 0.064638263119686859, 
        "fit": "linear", 
        "value": 1.4319742746116022
    }, 
    "Ar40": {
        "error": 0.19423955283573155, 
        "fit": "linear", 
        "value": 12.689288823612049
    }, 
    "Ar41": {
        "error": 0.1096142220781539, 
        "fit": "average_SEM", 
        "value": -0.01394876004148197
    }
}