{
    "Ar36": {
        "error": 0.00091254973084039603, 
        "fit": "linear", 
        "value": 0.0035762837200040863
    }, 
    "Ar37": {
        "error": 0.05172903579858313, 
        "fit": "linear", 
        "value": 0.16163636680270427
    }, 
    "Ar38": {
        "error": 0.2416215990545858, 
        "fit": "linear", 
        "value": 0.1823299253941516
    }, 
    "Ar39": {
        "error": 0.060033876694711288, 
        "fit": "linear", 
        "value": 3.1534224836533133
    }, 
    "Ar40": {
        "error": 0.043888516351183085, 
        "fit": "linear", 
        "value": 3.1706146532747241
    }, 
    "Ar41": {
        "error": 0.11429046111948737, 
        "fit": "average_SEM", 
        "value": 0.16964490400083984
    }
}