{
    "Ar36": {
        "error": 0.0010311859912529419, 
        "fit": "linear", 
        "value": 0.004477756020185646
    }, 
    "Ar37": {
        "error": 0.051956877073698178, 
        "fit": "linear", 
        "value": 0.15993118837158976
    }, 
    "Ar38": {
        "error": 0.26429382728485162, 
        "fit": "linear", 
        "value": 0.1160234048646215
    }, 
    "Ar39": {
        "error": 0.058049318786523696, 
        "fit": "linear", 
        "value": 3.0541599377419395
    }, 
    "Ar40": {
        "error": 0.067091726641468188, 
        "fit": "linear", 
        "value": 3.311838012333248
    }, 
    "Ar41": {
        "error": 0.12805413260059917, 
        "fit": "average_SEM", 
        "value": -0.0047807485667160816
    }
}