{
    "Ar36": {
        "error": 0.0014467536938690118, 
        "fit": "linear", 
        "value": 0.012457034348765498
    }, 
    "Ar37": {
        "error": 0.056532424381564389, 
        "fit": "linear", 
        "value": 0.82304578820515173
    }, 
    "Ar38": {
        "error": 0.25798332401805091, 
        "fit": "linear", 
        "value": 2.0320817941131422
    }, 
    "Ar39": {
        "error": 0.12372196434801888, 
        "fit": "linear", 
        "value": 160.56704510064668
    }, 
    "Ar40": {
        "error": 0.095936126480253375, 
        "fit": "linear", 
        "value": 108.92640466370401
    }, 
    "Ar41": {
        "error": 0.12381986520540256, 
        "fit": "average_SEM", 
        "value": -0.074432129192993871
    }
}