{
    "Ar36": {
        "error": 0.0013564733203305195, 
        "fit": "linear", 
        "value": 0.0098197522401363632
    }, 
    "Ar37": {
        "error": 0.052987851169098689, 
        "fit": "linear", 
        "value": 0.20669306588448286
    }, 
    "Ar38": {
        "error": 0.2589243965577126, 
        "fit": "linear", 
        "value": 0.23368712255926516
    }, 
    "Ar39": {
        "error": 0.06152926908593382, 
        "fit": "linear", 
        "value": 14.691746525605476
    }, 
    "Ar40": {
        "error": 0.11470685647099885, 
        "fit": "linear", 
        "value": 12.567410426237487
    }, 
    "Ar41": {
        "error": 0.13622079447221816, 
        "fit": "average_SEM", 
        "value": -0.01003943172238198
    }
}