{
    "Ar36": {
        "error": 0.0010392436755521939, 
        "fit": "linear", 
        "value": 0.0048620543116027976
    }, 
    "Ar37": {
        "error": 0.063084951881009418, 
        "fit": "linear", 
        "value": 0.22177676590404935
    }, 
    "Ar38": {
        "error": 0.26751755190632959, 
        "fit": "linear", 
        "value": 0.38738372517248376
    }, 
    "Ar39": {
        "error": 0.076469475709142684, 
        "fit": "linear", 
        "value": 18.585437591497104
    }, 
    "Ar40": {
        "error": 0.059821212281305436, 
        "fit": "linear", 
        "value": 13.555600134781947
    }, 
    "Ar41": {
        "error": 0.11198740947903599, 
        "fit": "average_SEM", 
        "value": 0.18702890527331167
    }
}