{
    "Ar36": {
        "error": 0.0010589913509915778, 
        "fit": "linear", 
        "value": 0.0051975231377177581
    }, 
    "Ar37": {
        "error": 0.055491342763690055, 
        "fit": "linear", 
        "value": 0.20325520683046305
    }, 
    "Ar38": {
        "error": 0.26246862526881287, 
        "fit": "linear", 
        "value": 0.30417438540071146
    }, 
    "Ar39": {
        "error": 0.068246728987103239, 
        "fit": "linear", 
        "value": 11.408427535818921
    }, 
    "Ar40": {
        "error": 0.07334977503517838, 
        "fit": "linear", 
        "value": 9.1161970887188097
    }, 
    "Ar41": {
        "error": 0.12292563960773324, 
        "fit": "average_SEM", 
        "value": -0.017560976683216722
    }
}