{
    "Ar36": {
        "error": 0.0011841877355645164, 
        "fit": "linear", 
        "value": 0.0085763157464428825
    }, 
    "Ar37": {
        "error": 0.049549011701319784, 
        "fit": "linear", 
        "value": 0.18023807562209637
    }, 
    "Ar38": {
        "error": 0.26622243948973362, 
        "fit": "linear", 
        "value": 0.083335237622117767
    }, 
    "Ar39": {
        "error": 0.061060339032524634, 
        "fit": "linear", 
        "value": 2.3426867983464348
    }, 
    "Ar40": {
        "error": 0.066519314042659428, 
        "fit": "linear", 
        "value": 6.3797552297136964
    }, 
    "Ar41": {
        "error": 0.12586353237986489, 
        "fit": "average_SEM", 
        "value": -0.084895435035933692
    }
}