{
    "Ar36": {
        "error": 0.0010223273354864199, 
        "fit": "linear", 
        "value": 0.0048610501282371887
    }, 
    "Ar37": {
        "error": 0.052948102747807771, 
        "fit": "linear", 
        "value": 0.19583958431475201
    }, 
    "Ar38": {
        "error": 0.24414899381988187, 
        "fit": "linear", 
        "value": 0.25830646722659456
    }, 
    "Ar39": {
        "error": 0.061137775864737266, 
        "fit": "linear", 
        "value": 10.019372683626969
    }, 
    "Ar40": {
        "error": 0.072585404996000302, 
        "fit": "linear", 
        "value": 7.9252211627630507
    }, 
    "Ar41": {
        "error": 0.1206930221476403, 
        "fit": "average_SEM", 
        "value": -0.01665129553940561
    }
}