{
    "Ar36": {
        "error": 0.0011296131849455311, 
        "fit": "linear", 
        "value": 0.0075166757352734623
    }, 
    "Ar37": {
        "error": 0.058454121396000425, 
        "fit": "linear", 
        "value": 1.5381200398214268
    }, 
    "Ar38": {
        "error": 0.26183768015430298, 
        "fit": "linear", 
        "value": 0.11369399835933752
    }, 
    "Ar39": {
        "error": 0.05432698095695955, 
        "fit": "linear", 
        "value": 0.70081223441301566
    }, 
    "Ar40": {
        "error": 0.048292316842653608, 
        "fit": "linear", 
        "value": 3.1652950609534507
    }, 
    "Ar41": {
        "error": 0.1263377736710318, 
        "fit": "average_SEM", 
        "value": -0.058750520861293704
    }
}