{
    "Ar36": {
        "error": 0.0065521526658618217, 
        "fit": "linear", 
        "value": 0.25434780712431615
    }, 
    "Ar37": {
        "error": 0.057075314069037104, 
        "fit": "linear", 
        "value": 0.16774707436924113
    }, 
    "Ar38": {
        "error": 0.26633680138678723, 
        "fit": "linear", 
        "value": 0.18377003698236247
    }, 
    "Ar39": {
        "error": 0.058388382301420835, 
        "fit": "linear", 
        "value": 0.63046525110376272
    }, 
    "Ar40": {
        "error": 0.10685532812671872, 
        "fit": "linear", 
        "value": 78.159698572124569
    }, 
    "Ar41": {
        "error": 0.13163488648479135, 
        "fit": "average_SEM", 
        "value": -0.07990132300053826
    }
}