{
    "Ar36": {
        "error": 0.0010660761533162169, 
        "fit": "linear", 
        "value": 0.0049233214819416112
    }, 
    "Ar37": {
        "error": 0.053583223159686263, 
        "fit": "linear", 
        "value": 0.24642668045895877
    }, 
    "Ar38": {
        "error": 0.2486761526534888, 
        "fit": "linear", 
        "value": 0.40583185618229201
    }, 
    "Ar39": {
        "error": 0.083378124868536296, 
        "fit": "linear", 
        "value": 20.851841646839588
    }, 
    "Ar40": {
        "error": 0.06666792512707749, 
        "fit": "linear", 
        "value": 15.0001596064571
    }, 
    "Ar41": {
        "error": 0.12830422129349026, 
        "fit": "average_SEM", 
        "value": -0.01187950460815854
    }
}