{
    "Ar36": {
        "error": 0.0013024841403167673, 
        "fit": "linear", 
        "value": 0.0088223205611403961
    }, 
    "Ar37": {
        "error": 0.050973356657754425, 
        "fit": "linear", 
        "value": 0.16414282715246487
    }, 
    "Ar38": {
        "error": 0.25282834825628248, 
        "fit": "linear", 
        "value": 0.22937628413674294
    }, 
    "Ar39": {
        "error": 0.071144848965819185, 
        "fit": "linear", 
        "value": 6.2541354929642665
    }, 
    "Ar40": {
        "error": 0.078878647884761649, 
        "fit": "linear", 
        "value": 6.7281979976792217
    }, 
    "Ar41": {
        "error": 0.11605984397125747, 
        "fit": "average_SEM", 
        "value": -0.010477684568549092
    }
}