{
    "AX": {
        "error": 0.056656394546937466, 
        "fit": "average_SEM", 
        "value": 0.1554434272240744
    }, 
    "CDD": {
        "error": 5.576710651201107e-05, 
        "fit": "average_SEM", 
        "value": 1.5835366987933715e-05
    }, 
    "H1": {
        "error": 0.043477113306416675, 
        "fit": "average_SEM", 
        "value": 0.18767756927344534
    }, 
    "H2": {
        "error": 0.11907008798970073, 
        "fit": "average_SEM", 
        "value": 0.16263685944593614
    }, 
    "L1": {
        "error": 0.21520033155376198, 
        "fit": "average_SEM", 
        "value": 0.10167945866447149
    }, 
    "L2": {
        "error": 0.05330891650571616, 
        "fit": "average_SEM", 
        "value": 0.1384165898974364
    }
}