{
    "AX": {
        "error": 0.05562767445675147, 
        "fit": "average_SEM", 
        "value": 0.16643103832999864
    }, 
    "CDD": {
        "error": 3.647592603366796e-05, 
        "fit": "average_SEM", 
        "value": 8.797425834927708e-06
    }, 
    "H1": {
        "error": 0.039438142852105715, 
        "fit": "average_SEM", 
        "value": 0.19755405253834193
    }, 
    "H2": {
        "error": 0.13433591852976148, 
        "fit": "average_SEM", 
        "value": -0.10758311836010155
    }, 
    "L1": {
        "error": 0.2551402547076373, 
        "fit": "average_SEM", 
        "value": 0.006175559953165551
    }, 
    "L2": {
        "error": 0.053311650291229105, 
        "fit": "average_SEM", 
        "value": 0.13566434388307647
    }
}