{
    "AX": {
        "error": 0.057012391298020056, 
        "fit": "average_SEM", 
        "value": 0.15253786312209236
    }, 
    "CDD": {
        "error": 4.627430795812026e-05, 
        "fit": "average_SEM", 
        "value": 1.0556911325289143e-05
    }, 
    "H1": {
        "error": 0.0441464640337477, 
        "fit": "average_SEM", 
        "value": 0.1832588375442558
    }, 
    "H2": {
        "error": 0.12382203247114207, 
        "fit": "average_SEM", 
        "value": 0.1791755564717783
    }, 
    "L1": {
        "error": 0.23259405373294645, 
        "fit": "average_SEM", 
        "value": 0.11511971693899896
    }, 
    "L2": {
        "error": 0.04746297571234272, 
        "fit": "average_SEM", 
        "value": 0.1350694452205466
    }
}