{
    "AX": {
        "error": 0.05337946170918486, 
        "fit": "average_SEM", 
        "value": 0.14914844400352903
    }, 
    "CDD": {
        "error": 3.647592603366796e-05, 
        "fit": "average_SEM", 
        "value": 8.797425834927708e-06
    }, 
    "H1": {
        "error": 0.0408256687758161, 
        "fit": "average_SEM", 
        "value": 0.18789565472139252
    }, 
    "H2": {
        "error": 0.10626769700767036, 
        "fit": "average_SEM", 
        "value": -0.023652031634830765
    }, 
    "L1": {
        "error": 0.2394362284521872, 
        "fit": "average_SEM", 
        "value": 0.11715894741290767
    }, 
    "L2": {
        "error": 0.05572339133790193, 
        "fit": "average_SEM", 
        "value": 0.14218147802684042
    }
}