{
    "AX": {
        "error": 0.05671356554170386, 
        "fit": "average_SEM", 
        "value": 0.17207516968871156
    }, 
    "CDD": {
        "error": 0.00013500900242471078, 
        "fit": "average_SEM", 
        "value": 0.00011876525544115187
    }, 
    "H1": {
        "error": 0.04341920404096297, 
        "fit": "average_SEM", 
        "value": 0.2547048630192876
    }, 
    "H2": {
        "error": 0.12858327985467266, 
        "fit": "average_SEM", 
        "value": -0.14300333283802805
    }, 
    "L1": {
        "error": 0.3166349724165294, 
        "fit": "average_SEM", 
        "value": -0.11261181337952925
    }, 
    "L2": {
        "error": 0.05272623561169848, 
        "fit": "average_SEM", 
        "value": 0.14689864534884692
    }
}