{
    "AX": {
        "error": 0.04919276524530188, 
        "fit": "average_SEM", 
        "value": 0.16625184663571418
    }, 
    "CDD": {
        "error": 0.00016188502427103948, 
        "fit": "average_SEM", 
        "value": 0.00013987908023409544
    }, 
    "H1": {
        "error": 0.039896577510705175, 
        "fit": "average_SEM", 
        "value": 0.24197621922940016
    }, 
    "H2": {
        "error": 0.13454515595757735, 
        "fit": "average_SEM", 
        "value": 0.09855410995345058
    }, 
    "L1": {
        "error": 0.2433938214408214, 
        "fit": "average_SEM", 
        "value": 0.04903861940741384
    }, 
    "L2": {
        "error": 0.05897411242534843, 
        "fit": "average_SEM", 
        "value": 0.1421629139163997
    }
}