{
    "AX": {
        "error": 0.05450894644310747, 
        "fit": "average_SEM", 
        "value": 0.157602848780031
    }, 
    "CDD": {
        "error": 0.00011067158974281303, 
        "fit": "average_SEM", 
        "value": 9.897104355331976e-05
    }, 
    "H1": {
        "error": 0.04392082245568728, 
        "fit": "average_SEM", 
        "value": 0.22134074705342452
    }, 
    "H2": {
        "error": 0.1159909553113014, 
        "fit": "average_SEM", 
        "value": 0.20637656601999577
    }, 
    "L1": {
        "error": 0.1977184632348705, 
        "fit": "average_SEM", 
        "value": -0.0021299267808596294
    }, 
    "L2": {
        "error": 0.05202354375265311, 
        "fit": "average_SEM", 
        "value": 0.12906307213900922
    }
}