{
    "AX": {
        "error": 0.056246010171100265, 
        "fit": "average_SEM", 
        "value": 0.15391272830117184
    }, 
    "CDD": {
        "error": 0.0001729761018770833, 
        "fit": "average_SEM", 
        "value": 0.00013328101025156987
    }, 
    "H1": {
        "error": 0.04613292710134113, 
        "fit": "average_SEM", 
        "value": 0.23783645095924535
    }, 
    "H2": {
        "error": 0.11562685173466855, 
        "fit": "average_SEM", 
        "value": -0.017909880653799823
    }, 
    "L1": {
        "error": 0.25974719115253225, 
        "fit": "average_SEM", 
        "value": 0.14089766450148697
    }, 
    "L2": {
        "error": 0.05496169808417319, 
        "fit": "average_SEM", 
        "value": 0.1342104545716817
    }
}