{
    "AX": {
        "error": 0.051651286916327754, 
        "fit": "average_SEM", 
        "value": 0.15999937957773605
    }, 
    "CDD": {
        "error": 2.858459971974024e-05, 
        "fit": "average_SEM", 
        "value": 5.278455500956625e-06
    }, 
    "H1": {
        "error": 0.04155049565335442, 
        "fit": "average_SEM", 
        "value": 0.18550287294718953
    }, 
    "H2": {
        "error": 0.12420535511829489, 
        "fit": "average_SEM", 
        "value": -0.010109044487277667
    }, 
    "L1": {
        "error": 0.23026907035872707, 
        "fit": "average_SEM", 
        "value": 0.1252218435647794
    }, 
    "L2": {
        "error": 0.05457908390479451, 
        "fit": "average_SEM", 
        "value": 0.1392132826977306
    }
}