{
    "AX": {
        "error": 0.05980468182586122, 
        "fit": "average_SEM", 
        "value": 0.1598241753462288
    }, 
    "CDD": {
        "error": 2.3472978190571605e-05, 
        "fit": "average_SEM", 
        "value": 3.518970333971083e-06
    }, 
    "H1": {
        "error": 0.0507159912075615, 
        "fit": "average_SEM", 
        "value": 0.18509397701256805
    }, 
    "H2": {
        "error": 0.13468397965707712, 
        "fit": "average_SEM", 
        "value": -0.02840972849452454
    }, 
    "L1": {
        "error": 0.23311945060076322, 
        "fit": "average_SEM", 
        "value": 0.12462922969975301
    }, 
    "L2": {
        "error": 0.04925915405279284, 
        "fit": "average_SEM", 
        "value": 0.1397381715166072
    }
}