{
    "AX": {
        "error": 0.05070772504312402, 
        "fit": "average_SEM", 
        "value": 0.1557030818114678
    }, 
    "CDD": {
        "error": 3.647592603366796e-05, 
        "fit": "average_SEM", 
        "value": 8.797425834927708e-06
    }, 
    "H1": {
        "error": 0.045464197082483504, 
        "fit": "average_SEM", 
        "value": 0.18112758563624487
    }, 
    "H2": {
        "error": 0.1231992468984294, 
        "fit": "average_SEM", 
        "value": -0.03410208836042632
    }, 
    "L1": {
        "error": 0.25336309937979906, 
        "fit": "average_SEM", 
        "value": 0.10021297825911056
    }, 
    "L2": {
        "error": 0.052243787103336534, 
        "fit": "average_SEM", 
        "value": 0.13685919319589931
    }
}