{
    "AX": {
        "error": 0.05950188067221934, 
        "fit": "average_SEM", 
        "value": 0.16381906004001698
    }, 
    "CDD": {
        "error": 3.647592603366796e-05, 
        "fit": "average_SEM", 
        "value": 8.797425834927708e-06
    }, 
    "H1": {
        "error": 0.036284983512490876, 
        "fit": "average_SEM", 
        "value": 0.19085844018393092
    }, 
    "H2": {
        "error": 0.12540861410672027, 
        "fit": "average_SEM", 
        "value": -0.06107978324354109
    }, 
    "L1": {
        "error": 0.2588052507786508, 
        "fit": "average_SEM", 
        "value": 0.07346162449717263
    }, 
    "L2": {
        "error": 0.05294590874898792, 
        "fit": "average_SEM", 
        "value": 0.1377806096855137
    }
}