{
    "AX": {
        "error": 0.056336144293191504, 
        "fit": "average_SEM", 
        "value": 0.16002276204526425
    }, 
    "CDD": {
        "error": 3.972163620606199e-05, 
        "fit": "average_SEM", 
        "value": 1.055691100191325e-05
    }, 
    "H1": {
        "error": 0.04564881989577465, 
        "fit": "average_SEM", 
        "value": 0.1934273376233048
    }, 
    "H2": {
        "error": 0.13826436839443648, 
        "fit": "average_SEM", 
        "value": -0.06728046394418925
    }, 
    "L1": {
        "error": 0.23341979050376185, 
        "fit": "average_SEM", 
        "value": 0.09408749581004182
    }, 
    "L2": {
        "error": 0.05591769147250278, 
        "fit": "average_SEM", 
        "value": 0.1391330855174197
    }
}