{
    "AX": {
        "error": 0.05778804160191854, 
        "fit": "average_SEM", 
        "value": 0.1461149593608247
    }, 
    "CDD": {
        "error": 3.647592603366796e-05, 
        "fit": "average_SEM", 
        "value": 8.797425834927708e-06
    }, 
    "H1": {
        "error": 0.04099264471704562, 
        "fit": "average_SEM", 
        "value": 0.1827654788063632
    }, 
    "H2": {
        "error": 0.12768873113442275, 
        "fit": "average_SEM", 
        "value": -0.0061042113540073235
    }, 
    "L1": {
        "error": 0.26348253839434443, 
        "fit": "average_SEM", 
        "value": 0.13697579300173351
    }, 
    "L2": {
        "error": 0.05643565826336899, 
        "fit": "average_SEM", 
        "value": 0.13446619748331917
    }
}