{
    "AX": {
        "error": 0.052360598568250885, 
        "fit": "average_SEM", 
        "value": 0.1563406362508734
    }, 
    "CDD": {
        "error": 2.3472978190571605e-05, 
        "fit": "average_SEM", 
        "value": 3.518970333971083e-06
    }, 
    "H1": {
        "error": 0.046180855785432705, 
        "fit": "average_SEM", 
        "value": 0.18382543929749065
    }, 
    "H2": {
        "error": 0.1203392760944763, 
        "fit": "average_SEM", 
        "value": 0.010820623982645985
    }, 
    "L1": {
        "error": 0.24044276602645767, 
        "fit": "average_SEM", 
        "value": 0.16825245595019725
    }, 
    "L2": {
        "error": 0.05159298533888318, 
        "fit": "average_SEM", 
        "value": 0.14304839399539762
    }
}