{
    "AX": {
        "error": 0.051027539464903675, 
        "fit": "average_SEM", 
        "value": 0.15986432714594734
    }, 
    "CDD": {
        "error": 2.3472978190571605e-05, 
        "fit": "average_SEM", 
        "value": 3.518970333971083e-06
    }, 
    "H1": {
        "error": 0.042850273215531816, 
        "fit": "average_SEM", 
        "value": 0.19107475524975193
    }, 
    "H2": {
        "error": 0.1198713645962022, 
        "fit": "average_SEM", 
        "value": -0.024340056764130067
    }, 
    "L1": {
        "error": 0.22332533019838854, 
        "fit": "average_SEM", 
        "value": 0.12587274436373264
    }, 
    "L2": {
        "error": 0.053771981311884744, 
        "fit": "average_SEM", 
        "value": 0.13015958800291022
    }
}