{
    "AX": {
        "error": 0.05397716762320838, 
        "fit": "average_SEM", 
        "value": 0.15637337859306072
    }, 
    "CDD": {
        "error": 3.972163620606199e-05, 
        "fit": "average_SEM", 
        "value": 1.055691100191325e-05
    }, 
    "H1": {
        "error": 0.04192753435716615, 
        "fit": "average_SEM", 
        "value": 0.18553329433004062
    }, 
    "H2": {
        "error": 0.12496551110099305, 
        "fit": "average_SEM", 
        "value": -0.06806074388376955
    }, 
    "L1": {
        "error": 0.254118930876329, 
        "fit": "average_SEM", 
        "value": 0.09031596585539066
    }, 
    "L2": {
        "error": 0.05573778136113863, 
        "fit": "average_SEM", 
        "value": 0.1399818500296937
    }
}