{
    "AX": {
        "error": 0.05876292742785613, 
        "fit": "average_SEM", 
        "value": 0.16193631015614504
    }, 
    "CDD": {
        "error": 1.6691941910868024e-05, 
        "fit": "average_SEM", 
        "value": 1.7594851669855415e-06
    }, 
    "H1": {
        "error": 0.04465841958914197, 
        "fit": "average_SEM", 
        "value": 0.19262458566162322
    }, 
    "H2": {
        "error": 0.11918617937604248, 
        "fit": "average_SEM", 
        "value": 0.0018400179545602037
    }, 
    "L1": {
        "error": 0.2705311062701186, 
        "fit": "average_SEM", 
        "value": 0.13923502069826807
    }, 
    "L2": {
        "error": 0.05069185430963528, 
        "fit": "average_SEM", 
        "value": 0.1357705467691024
    }
}