{
    "AX": {
        "error": 0.06242917799282624, 
        "fit": "average_SEM", 
        "value": 0.1542230344273978
    }, 
    "CDD": {
        "error": 3.972163620606199e-05, 
        "fit": "average_SEM", 
        "value": 1.055691100191325e-05
    }, 
    "H1": {
        "error": 0.039761011436220184, 
        "fit": "average_SEM", 
        "value": 0.19369965079757903
    }, 
    "H2": {
        "error": 0.12882552423182708, 
        "fit": "average_SEM", 
        "value": 0.010285753505579325
    }, 
    "L1": {
        "error": 0.2406443516630343, 
        "fit": "average_SEM", 
        "value": 0.17244505621751563
    }, 
    "L2": {
        "error": 0.05146703195841226, 
        "fit": "average_SEM", 
        "value": 0.13109177485522297
    }
}