{
    "AX": {
        "error": 0.057212969680191614, 
        "fit": "average_SEM", 
        "value": 0.15458822890909182
    }, 
    "CDD": {
        "error": 2.3472978190571605e-05, 
        "fit": "average_SEM", 
        "value": 3.518970333971083e-06
    }, 
    "H1": {
        "error": 0.03719522527935043, 
        "fit": "average_SEM", 
        "value": 0.18957969711886513
    }, 
    "H2": {
        "error": 0.12717325260404774, 
        "fit": "average_SEM", 
        "value": 0.009560339328729444
    }, 
    "L1": {
        "error": 0.2292718148512885, 
        "fit": "average_SEM", 
        "value": 0.1488212036434561
    }, 
    "L2": {
        "error": 0.060045218700618616, 
        "fit": "average_SEM", 
        "value": 0.14456466181824604
    }
}