{
    "AX": {
        "error": 0.056220858300700144, 
        "fit": "average_SEM", 
        "value": 0.15464530035775775
    }, 
    "CDD": {
        "error": 2.858459971974024e-05, 
        "fit": "average_SEM", 
        "value": 5.278455500956625e-06
    }, 
    "H1": {
        "error": 0.04220384758374321, 
        "fit": "average_SEM", 
        "value": 0.18779460481471486
    }, 
    "H2": {
        "error": 0.13071381215607503, 
        "fit": "average_SEM", 
        "value": 0.1270066015318864
    }, 
    "L1": {
        "error": 0.22526742529052463, 
        "fit": "average_SEM", 
        "value": 0.06891941089803974
    }, 
    "L2": {
        "error": 0.04699525110159422, 
        "fit": "average_SEM", 
        "value": 0.13804658754832214
    }
}