{
    "AX": {
        "error": 0.06271170284219356, 
        "fit": "average_SEM", 
        "value": 0.16204185120037032
    }, 
    "CDD": {
        "error": 3.2816411028081083e-05, 
        "fit": "average_SEM", 
        "value": 7.037940667942166e-06
    }, 
    "H1": {
        "error": 0.04318352646947226, 
        "fit": "average_SEM", 
        "value": 0.18637105143732494
    }, 
    "H2": {
        "error": 0.12574223575124557, 
        "fit": "average_SEM", 
        "value": 0.09263237182878786
    }, 
    "L1": {
        "error": 0.2691840564387169, 
        "fit": "average_SEM", 
        "value": 0.06991544128913019
    }, 
    "L2": {
        "error": 0.0563224898710629, 
        "fit": "average_SEM", 
        "value": 0.14386912078803613
    }
}