{
    "AX": {
        "error": 0.05037001388987463, 
        "fit": "average_SEM", 
        "value": 0.16464277824593915
    }, 
    "CDD": {
        "error": 1.6691941910868028e-05, 
        "fit": "average_SEM", 
        "value": 1.7594851669855415e-06
    }, 
    "H1": {
        "error": 0.03825910441821709, 
        "fit": "average_SEM", 
        "value": 0.19546399099959266
    }, 
    "H2": {
        "error": 0.11825655562285266, 
        "fit": "average_SEM", 
        "value": 0.1061510645163556
    }, 
    "L1": {
        "error": 0.278293199841897, 
        "fit": "average_SEM", 
        "value": 0.0785550113586295
    }, 
    "L2": {
        "error": 0.05085424245301839, 
        "fit": "average_SEM", 
        "value": 0.14504488137447172
    }
}