{
    "AX": {
        "error": 0.05193243950454662, 
        "fit": "average_SEM", 
        "value": 0.17433652908334302
    }, 
    "CDD": {
        "error": 4.264812353883017e-05, 
        "fit": "average_SEM", 
        "value": 1.2316396168898792e-05
    }, 
    "H1": {
        "error": 0.041038129755571924, 
        "fit": "average_SEM", 
        "value": 0.18250969209604792
    }, 
    "H2": {
        "error": 0.13237104044029316, 
        "fit": "average_SEM", 
        "value": -0.15448185045065152
    }, 
    "L1": {
        "error": 0.2705937797698006, 
        "fit": "average_SEM", 
        "value": -0.14379783150119085
    }, 
    "L2": {
        "error": 0.050439107020194364, 
        "fit": "average_SEM", 
        "value": 0.1387732930481434
    }
}