{
    "AX": {
        "error": 0.06285928754167233, 
        "fit": "average_SEM", 
        "value": 0.1628449087134666
    }, 
    "CDD": {
        "error": 2.8584599719740244e-05, 
        "fit": "average_SEM", 
        "value": 5.278455500956625e-06
    }, 
    "H1": {
        "error": 0.03965842095096358, 
        "fit": "average_SEM", 
        "value": 0.18746913505925072
    }, 
    "H2": {
        "error": 0.1259200967687505, 
        "fit": "average_SEM", 
        "value": 0.12151236306170984
    }, 
    "L1": {
        "error": 0.25517294714829275, 
        "fit": "average_SEM", 
        "value": 0.09883881835784349
    }, 
    "L2": {
        "error": 0.046540785646199595, 
        "fit": "average_SEM", 
        "value": 0.1418144510438045
    }
}