{
    "AX": {
        "error": 0.05761180616363325, 
        "fit": "average_SEM", 
        "value": 0.16727352605925666
    }, 
    "CDD": {
        "error": 2.8584599719740244e-05, 
        "fit": "average_SEM", 
        "value": 5.278455500956625e-06
    }, 
    "H1": {
        "error": 0.04603054428618304, 
        "fit": "average_SEM", 
        "value": 0.1901559292442269
    }, 
    "H2": {
        "error": 0.15002877190883684, 
        "fit": "average_SEM", 
        "value": 0.02126460864350924
    }, 
    "L1": {
        "error": 0.23917252800538777, 
        "fit": "average_SEM", 
        "value": 0.1085572205839627
    }, 
    "L2": {
        "error": 0.05158385114678048, 
        "fit": "average_SEM", 
        "value": 0.13884056613056195
    }
}