{
    "AX": {
        "error": 0.05159465150426104, 
        "fit": "average_SEM", 
        "value": 0.14728257194575337
    }, 
    "CDD": {
        "error": 3.9721636206061996e-05, 
        "fit": "average_SEM", 
        "value": 1.055691100191325e-05
    }, 
    "H1": {
        "error": 0.03202118830379334, 
        "fit": "average_SEM", 
        "value": 0.19129699327879482
    }, 
    "H2": {
        "error": 0.12647805413623137, 
        "fit": "average_SEM", 
        "value": 0.11089240149336142
    }, 
    "L1": {
        "error": 0.23107668564624015, 
        "fit": "average_SEM", 
        "value": 0.04228326803115326
    }, 
    "L2": {
        "error": 0.05369856217849038, 
        "fit": "average_SEM", 
        "value": 0.13891491507076556
    }
}