{
    "AX": {
        "error": 0.06330428308352137, 
        "fit": "average_SEM", 
        "value": 0.17242310663892163
    }, 
    "CDD": {
        "error": 3.647592603366796e-05, 
        "fit": "average_SEM", 
        "value": 8.797425834927708e-06
    }, 
    "H1": {
        "error": 0.043619040095054414, 
        "fit": "average_SEM", 
        "value": 0.19901830951372781
    }, 
    "H2": {
        "error": 0.12276810835670873, 
        "fit": "average_SEM", 
        "value": 0.06541928707285681
    }, 
    "L1": {
        "error": 0.2708378239717647, 
        "fit": "average_SEM", 
        "value": 0.056505631293273635
    }, 
    "L2": {
        "error": 0.05440531865839377, 
        "fit": "average_SEM", 
        "value": 0.13741794258045653
    }
}