{
    "AX": {
        "error": 0.06459055754454238, 
        "fit": "average_SEM", 
        "value": 0.15220948970980114
    }, 
    "CDD": {
        "error": 3.9721636206061996e-05, 
        "fit": "average_SEM", 
        "value": 1.055691100191325e-05
    }, 
    "H1": {
        "error": 0.04195198701646713, 
        "fit": "average_SEM", 
        "value": 0.19785395231511857
    }, 
    "H2": {
        "error": 0.12784351420412365, 
        "fit": "average_SEM", 
        "value": 0.12146307684274184
    }, 
    "L1": {
        "error": 0.24987693467502411, 
        "fit": "average_SEM", 
        "value": 0.05694348005733142
    }, 
    "L2": {
        "error": 0.04822376859491184, 
        "fit": "average_SEM", 
        "value": 0.13798594263692696
    }
}