{
    "AX": {
        "error": 0.04975469685866529, 
        "fit": "average_SEM", 
        "value": 0.15539329143034086
    }, 
    "CDD": {
        "error": 3.647592603366796e-05, 
        "fit": "average_SEM", 
        "value": 8.797425834927708e-06
    }, 
    "H1": {
        "error": 0.043863639661238366, 
        "fit": "average_SEM", 
        "value": 0.18675386276510025
    }, 
    "H2": {
        "error": 0.12600452955936534, 
        "fit": "average_SEM", 
        "value": 0.17054565895426396
    }, 
    "L1": {
        "error": 0.24584545212196016, 
        "fit": "average_SEM", 
        "value": 0.09730270916026913
    }, 
    "L2": {
        "error": 0.05122160200730854, 
        "fit": "average_SEM", 
        "value": 0.1336432783347037
    }
}