{
    "AX": {
        "error": 0.05606691075336127, 
        "fit": "average_SEM", 
        "value": 0.16186131617675226
    }, 
    "CDD": {
        "error": 0.0, 
        "fit": "average_SEM", 
        "value": 0.0
    }, 
    "H1": {
        "error": 0.040077383918722655, 
        "fit": "average_SEM", 
        "value": 0.1905174003707038
    }, 
    "H2": {
        "error": 0.13230614911618174, 
        "fit": "average_SEM", 
        "value": 0.12294853439347611
    }, 
    "L1": {
        "error": 0.23865774200899267, 
        "fit": "average_SEM", 
        "value": 0.042511280199202396
    }, 
    "L2": {
        "error": 0.050139912988050706, 
        "fit": "average_SEM", 
        "value": 0.1381519834924903
    }
}