{
    "AX": {
        "error": 0.05489626387361785, 
        "fit": "average_SEM", 
        "value": 0.006781850986751831
    }, 
    "CDD": {
        "error": 3.970929820495969e-05, 
        "fit": "average_SEM", 
        "value": 1.0583235416561365e-05
    }, 
    "H1": {
        "error": 0.04387182826989203, 
        "fit": "average_SEM", 
        "value": 0.027223935178578056
    }, 
    "H2": {
        "error": 0.12026863890363748, 
        "fit": "average_SEM", 
        "value": -0.0008912426020186912
    }, 
    "L1": {
        "error": 0.3064205266710153, 
        "fit": "average_SEM", 
        "value": 0.0506681610416207
    }, 
    "L2": {
        "error": 0.048556628850862295, 
        "fit": "average_SEM", 
        "value": 0.008987544593833264
    }
}