{
    "AX": {
        "error": 0.052257654240592276, 
        "fit": "average_SEM", 
        "value": 0.010231265231413999
    }, 
    "CDD": {
        "error": 3.280621787004153e-05, 
        "fit": "average_SEM", 
        "value": 7.055490277707576e-06
    }, 
    "H1": {
        "error": 0.04294143205946766, 
        "fit": "average_SEM", 
        "value": 0.02281978914098646
    }, 
    "H2": {
        "error": 0.12255519283964188, 
        "fit": "average_SEM", 
        "value": 0.007834126108274277
    }, 
    "L1": {
        "error": 0.3276377892925866, 
        "fit": "average_SEM", 
        "value": 0.08959834926709946
    }, 
    "L2": {
        "error": 0.05464707078730418, 
        "fit": "average_SEM", 
        "value": 0.008948278989292804
    }
}