{
    "AX": {
        "error": 0.05587963300657626, 
        "fit": "average_SEM", 
        "value": 0.011488059770393496
    }, 
    "CDD": {
        "error": 3.077648514784336e-05, 
        "fit": "average_SEM", 
        "value": 6.17355399299413e-06
    }, 
    "H1": {
        "error": 0.040443734212880014, 
        "fit": "average_SEM", 
        "value": 0.024380454257475828
    }, 
    "H2": {
        "error": 0.12902900934975534, 
        "fit": "average_SEM", 
        "value": -0.003176749161017748
    }, 
    "L1": {
        "error": 0.3020717219442929, 
        "fit": "average_SEM", 
        "value": 0.06934824702620972
    }, 
    "L2": {
        "error": 0.049784950543663324, 
        "fit": "average_SEM", 
        "value": 0.0063854271863318796
    }
}