{
    "AX": {
        "error": 0.055653610668714965, 
        "fit": "average_SEM", 
        "value": 0.011459441596000236
    }, 
    "CDD": {
        "error": 3.469494934374074e-05, 
        "fit": "average_SEM", 
        "value": 7.937426562421025e-06
    }, 
    "H1": {
        "error": 0.03954776305256593, 
        "fit": "average_SEM", 
        "value": 0.02163693700891195
    }, 
    "H2": {
        "error": 0.11602775886547427, 
        "fit": "average_SEM", 
        "value": -0.013425038749119267
    }, 
    "L1": {
        "error": 0.2964793174570598, 
        "fit": "average_SEM", 
        "value": 0.01845155434631225
    }, 
    "L2": {
        "error": 0.0489073617481001, 
        "fit": "average_SEM", 
        "value": 0.010881260094255494
    }
}