{
    "AX": {
        "error": 0.059102305206738856, 
        "fit": "average_SEM", 
        "value": 0.16585835881738198
    }, 
    "CDD": {
        "error": 3.2816411028081083e-05, 
        "fit": "average_SEM", 
        "value": 7.037940667942166e-06
    }, 
    "H1": {
        "error": 0.04414514551718463, 
        "fit": "average_SEM", 
        "value": 0.19141786330276064
    }, 
    "H2": {
        "error": 0.12938392311615565, 
        "fit": "average_SEM", 
        "value": 0.05665636012434132
    }, 
    "L1": {
        "error": 0.24209624524979684, 
        "fit": "average_SEM", 
        "value": 0.034346454833737675
    }, 
    "L2": {
        "error": 0.05680781701602348, 
        "fit": "average_SEM", 
        "value": 0.13983101100764342
    }
}