{
    "AX": {
        "error": 0.059002466622080786, 
        "fit": "average_SEM", 
        "value": 0.009687613723670236
    }, 
    "CDD": {
        "error": 3.469494934374074e-05, 
        "fit": "average_SEM", 
        "value": 7.937426562421025e-06
    }, 
    "H1": {
        "error": 0.04139764547557737, 
        "fit": "average_SEM", 
        "value": 0.015083426200059572
    }, 
    "H2": {
        "error": 0.11846166059164649, 
        "fit": "average_SEM", 
        "value": 0.14765522614939577
    }, 
    "L1": {
        "error": 0.2885343486215177, 
        "fit": "average_SEM", 
        "value": 0.010996998709419534
    }, 
    "L2": {
        "error": 0.052464475393098266, 
        "fit": "average_SEM", 
        "value": 0.002779399193079573
    }
}