{
    "AX": {
        "error": 0.06031043452460738, 
        "fit": "average_SEM", 
        "value": 0.15927623773200644
    }, 
    "CDD": {
        "error": 3.2816411028081083e-05, 
        "fit": "average_SEM", 
        "value": 7.037940667942166e-06
    }, 
    "H1": {
        "error": 0.03542031999048758, 
        "fit": "average_SEM", 
        "value": 0.196423729426331
    }, 
    "H2": {
        "error": 0.11729013175144998, 
        "fit": "average_SEM", 
        "value": -0.13841270435174616
    }, 
    "L1": {
        "error": 0.2795912188918167, 
        "fit": "average_SEM", 
        "value": 0.0553991766879335
    }, 
    "L2": {
        "error": 0.053332781646755346, 
        "fit": "average_SEM", 
        "value": 0.1470955366268754
    }
}