{
    "AX": {
        "error": 0.05298885117582875, 
        "fit": "average_SEM", 
        "value": -0.0013590502513074576
    }, 
    "CDD": {
        "error": 0.00011664648256296564, 
        "fit": "average_SEM", 
        "value": 8.642975590191781e-05
    }, 
    "H1": {
        "error": 0.042447603865642, 
        "fit": "average_SEM", 
        "value": 0.051032991495190395
    }, 
    "H2": {
        "error": 0.11859387968093452, 
        "fit": "average_SEM", 
        "value": 0.0486211352404401
    }, 
    "L1": {
        "error": 0.2889029595059882, 
        "fit": "average_SEM", 
        "value": 0.11150100439489405
    }, 
    "L2": {
        "error": 0.051922826777708514, 
        "fit": "average_SEM", 
        "value": 0.005947296595170176
    }
}