{
    "AX": {
        "error": 0.04936556545854294, 
        "fit": "average_SEM", 
        "value": 0.1564375843024916
    }, 
    "CDD": {
        "error": 1.6691941910868028e-05, 
        "fit": "average_SEM", 
        "value": 1.7594851669855415e-06
    }, 
    "H1": {
        "error": 0.03625757675657032, 
        "fit": "average_SEM", 
        "value": 0.19807745094100634
    }, 
    "H2": {
        "error": 0.12204698118382781, 
        "fit": "average_SEM", 
        "value": 0.07520297917977183
    }, 
    "L1": {
        "error": 0.24990769377136385, 
        "fit": "average_SEM", 
        "value": 0.0002291069935179419
    }, 
    "L2": {
        "error": 0.052104664936507936, 
        "fit": "average_SEM", 
        "value": 0.13933407108092474
    }
}