{
    "AX": {
        "error": 0.05833262114867442, 
        "fit": "average_SEM", 
        "value": 0.158128404410349
    }, 
    "CDD": {
        "error": 3.647592603366796e-05, 
        "fit": "average_SEM", 
        "value": 8.797425834927708e-06
    }, 
    "H1": {
        "error": 0.045258987944168355, 
        "fit": "average_SEM", 
        "value": 0.20016952181855838
    }, 
    "H2": {
        "error": 0.131513629422899, 
        "fit": "average_SEM", 
        "value": 0.06301609870408559
    }, 
    "L1": {
        "error": 0.24057120224550552, 
        "fit": "average_SEM", 
        "value": 0.02348146335894449
    }, 
    "L2": {
        "error": 0.04866961132683543, 
        "fit": "average_SEM", 
        "value": 0.1464361662666003
    }
}