{
    "AX": {
        "error": 0.059522942738831304, 
        "fit": "average_SEM", 
        "value": 0.169596841186285
    }, 
    "CDD": {
        "error": 2.858459971974024e-05, 
        "fit": "average_SEM", 
        "value": 5.278455500956625e-06
    }, 
    "H1": {
        "error": 0.04078038416149679, 
        "fit": "average_SEM", 
        "value": 0.19363658510976367
    }, 
    "H2": {
        "error": 0.12134445375326895, 
        "fit": "average_SEM", 
        "value": -0.12917146136363347
    }, 
    "L1": {
        "error": 0.26237047145174847, 
        "fit": "average_SEM", 
        "value": 0.07105670562660736
    }, 
    "L2": {
        "error": 0.05740783094917561, 
        "fit": "average_SEM", 
        "value": 0.14060558220371605
    }
}