{
    "AX": {
        "error": 0.06090738710928926, 
        "fit": "average_SEM", 
        "value": 0.1583298780851894
    }, 
    "CDD": {
        "error": 7.473246561417485e-05, 
        "fit": "average_SEM", 
        "value": 2.4632793146237318e-05
    }, 
    "H1": {
        "error": 0.04353061981180674, 
        "fit": "average_SEM", 
        "value": 0.21070328023698595
    }, 
    "H2": {
        "error": 0.11948724831617183, 
        "fit": "average_SEM", 
        "value": -0.14321499593012657
    }, 
    "L1": {
        "error": 0.2677029683583938, 
        "fit": "average_SEM", 
        "value": 0.03534077113339056
    }, 
    "L2": {
        "error": 0.05220188966656055, 
        "fit": "average_SEM", 
        "value": 0.14540200755000116
    }
}