{
    "AX": {
        "error": 0.05164224285162554, 
        "fit": "average_SEM", 
        "value": 0.017686088266908782
    }, 
    "CDD": {
        "error": 1.1832416906657257e-05, 
        "fit": "average_SEM", 
        "value": 8.81936284713447e-07
    }, 
    "H1": {
        "error": 0.04150022068057617, 
        "fit": "average_SEM", 
        "value": 0.04651386438037864
    }, 
    "H2": {
        "error": 0.11428513636890528, 
        "fit": "average_SEM", 
        "value": 0.07209478459683144
    }, 
    "L1": {
        "error": 0.211852948172331, 
        "fit": "average_SEM", 
        "value": -0.017169151087485564
    }, 
    "L2": {
        "error": 0.04927107026841124, 
        "fit": "average_SEM", 
        "value": 0.017672720335475685
    }
}