{
    "AX": {
        "error": 0.05344723016489622, 
        "fit": "average_SEM", 
        "value": 0.1659051308201419
    }, 
    "CDD": {
        "error": 2.858459971974024e-05, 
        "fit": "average_SEM", 
        "value": 5.278455500956625e-06
    }, 
    "H1": {
        "error": 0.04169235370537309, 
        "fit": "average_SEM", 
        "value": 0.20343268165985742
    }, 
    "H2": {
        "error": 0.12090466736074884, 
        "fit": "average_SEM", 
        "value": -0.16226609614160326
    }, 
    "L1": {
        "error": 0.3004404982059372, 
        "fit": "average_SEM", 
        "value": -0.06962380293342803
    }, 
    "L2": {
        "error": 0.05597656489310255, 
        "fit": "average_SEM", 
        "value": 0.14027454495016073
    }
}