{
    "AX": {
        "error": 0.0559112483318386, 
        "fit": "average_SEM", 
        "value": 0.0031162126898480994
    }, 
    "CDD": {
        "error": 4.7089434980440626e-05, 
        "fit": "average_SEM", 
        "value": 1.3229044270701706e-05
    }, 
    "H1": {
        "error": 0.04374086852525986, 
        "fit": "average_SEM", 
        "value": 0.023047478995997354
    }, 
    "H2": {
        "error": 0.12818803886640429, 
        "fit": "average_SEM", 
        "value": 0.19059542030121923
    }, 
    "L1": {
        "error": 0.30849888018322214, 
        "fit": "average_SEM", 
        "value": 0.0733508321123534
    }, 
    "L2": {
        "error": 0.05072281070548893, 
        "fit": "average_SEM", 
        "value": 0.004494524534655082
    }
}