{
    "AX": {
        "error": 0.05511748393792781, 
        "fit": "average_SEM", 
        "value": 0.17446565876404443
    }, 
    "CDD": {
        "error": 2.8584599719740244e-05, 
        "fit": "average_SEM", 
        "value": 5.278455500956625e-06
    }, 
    "H1": {
        "error": 0.04367850599638098, 
        "fit": "average_SEM", 
        "value": 0.20429445596204865
    }, 
    "H2": {
        "error": 0.127441454336838, 
        "fit": "average_SEM", 
        "value": -0.1759753926243219
    }, 
    "L1": {
        "error": 0.33691758757122225, 
        "fit": "average_SEM", 
        "value": -0.11089200518197484
    }, 
    "L2": {
        "error": 0.046586456823763174, 
        "fit": "average_SEM", 
        "value": 0.1557270626227061
    }
}