{
    "AX": {
        "error": 0.05491226825490128, 
        "fit": "average_SEM", 
        "value": 0.1586896165377564
    }, 
    "CDD": {
        "error": 3.647592603366796e-05, 
        "fit": "average_SEM", 
        "value": 8.797425834927708e-06
    }, 
    "H1": {
        "error": 0.042277774665920816, 
        "fit": "average_SEM", 
        "value": 0.19675506750742594
    }, 
    "H2": {
        "error": 0.1281193324292203, 
        "fit": "average_SEM", 
        "value": -0.1516367319570337
    }, 
    "L1": {
        "error": 0.26593601621446006, 
        "fit": "average_SEM", 
        "value": 0.033551444659113056
    }, 
    "L2": {
        "error": 0.048062396165361274, 
        "fit": "average_SEM", 
        "value": 0.1522815321261684
    }
}