{
    "AX": {
        "error": 0.05434945424890887, 
        "fit": "average_SEM", 
        "value": 0.16762407854613331
    }, 
    "CDD": {
        "error": 3.647592603366796e-05, 
        "fit": "average_SEM", 
        "value": 8.797425834927708e-06
    }, 
    "H1": {
        "error": 0.04495632996538981, 
        "fit": "average_SEM", 
        "value": 0.20108115432990922
    }, 
    "H2": {
        "error": 0.13357998871530938, 
        "fit": "average_SEM", 
        "value": -0.1654707202495451
    }, 
    "L1": {
        "error": 0.3263613553200954, 
        "fit": "average_SEM", 
        "value": -0.1060123999706573
    }, 
    "L2": {
        "error": 0.046099722600410904, 
        "fit": "average_SEM", 
        "value": 0.15380108534461923
    }
}