{
    "AX": {
        "error": 0.05702577950090162, 
        "fit": "average_SEM", 
        "value": 0.006089549288865076
    }, 
    "CDD": {
        "error": 5.634514144873322e-05, 
        "fit": "average_SEM", 
        "value": 1.8520661978982388e-05
    }, 
    "H1": {
        "error": 0.04245614255394959, 
        "fit": "average_SEM", 
        "value": 0.02854640636893843
    }, 
    "H2": {
        "error": 0.12185168107242175, 
        "fit": "average_SEM", 
        "value": 0.21993491950755317
    }, 
    "L1": {
        "error": 0.2959137697082471, 
        "fit": "average_SEM", 
        "value": 0.11534860154820813
    }, 
    "L2": {
        "error": 0.0509838077515418, 
        "fit": "average_SEM", 
        "value": -0.0019130834064627481
    }
}