{
    "AX": {
        "error": 0.05864677773440399, 
        "fit": "average_SEM", 
        "value": 0.16615914770712456
    }, 
    "CDD": {
        "error": 3.9721636206061996e-05, 
        "fit": "average_SEM", 
        "value": 1.055691100191325e-05
    }, 
    "H1": {
        "error": 0.04055270438199082, 
        "fit": "average_SEM", 
        "value": 0.22450507895814048
    }, 
    "H2": {
        "error": 0.12429690991917756, 
        "fit": "average_SEM", 
        "value": -0.15867080482680143
    }, 
    "L1": {
        "error": 0.33082696018712393, 
        "fit": "average_SEM", 
        "value": -0.09665922647820682
    }, 
    "L2": {
        "error": 0.0506565909179656, 
        "fit": "average_SEM", 
        "value": 0.14805226174907551
    }
}