{
    "AX": {
        "error": 0.04932908537844601, 
        "fit": "average_SEM", 
        "value": 0.16441972102555963
    }, 
    "CDD": {
        "error": 2.8584599719740244e-05, 
        "fit": "average_SEM", 
        "value": 5.278455500956625e-06
    }, 
    "H1": {
        "error": 0.039472536345189595, 
        "fit": "average_SEM", 
        "value": 0.19943228753076658
    }, 
    "H2": {
        "error": 0.11035716811231343, 
        "fit": "average_SEM", 
        "value": 0.06952537204488181
    }, 
    "L1": {
        "error": 0.25858941714338557, 
        "fit": "average_SEM", 
        "value": 0.027410869929008187
    }, 
    "L2": {
        "error": 0.050456127053785035, 
        "fit": "average_SEM", 
        "value": 0.13919318564650085
    }
}