{
    "AX": {
        "error": 0.04879569570482311, 
        "fit": "average_SEM", 
        "value": 0.16328573616014586
    }, 
    "CDD": {
        "error": 4.8809483037098445e-05, 
        "fit": "average_SEM", 
        "value": 1.2316396492274685e-05
    }, 
    "H1": {
        "error": 0.041229362650842684, 
        "fit": "average_SEM", 
        "value": 0.1980685328443845
    }, 
    "H2": {
        "error": 0.1385186775165044, 
        "fit": "average_SEM", 
        "value": 0.07869679232179705
    }, 
    "L1": {
        "error": 0.2527274077780276, 
        "fit": "average_SEM", 
        "value": 0.08155903670315941
    }, 
    "L2": {
        "error": 0.0524603536711781, 
        "fit": "average_SEM", 
        "value": 0.13704040543072754
    }
}