{
    "AX": {
        "error": 0.057528634731453254, 
        "fit": "average_SEM", 
        "value": 0.16787542296677
    }, 
    "CDD": {
        "error": 3.281641102808109e-05, 
        "fit": "average_SEM", 
        "value": 7.037940667942166e-06
    }, 
    "H1": {
        "error": 0.0357965323515063, 
        "fit": "average_SEM", 
        "value": 0.20244660352667174
    }, 
    "H2": {
        "error": 0.13566383537464313, 
        "fit": "average_SEM", 
        "value": -0.1797481158023907
    }, 
    "L1": {
        "error": 0.3267368241591931, 
        "fit": "average_SEM", 
        "value": -0.08321113890657822
    }, 
    "L2": {
        "error": 0.05250690046211357, 
        "fit": "average_SEM", 
        "value": 0.14942041397508649
    }
}