{
    "AX": {
        "error": 0.05544430828784146, 
        "fit": "average_SEM", 
        "value": 0.005233559973001118
    }, 
    "CDD": {
        "error": 2.6160797211355903e-05, 
        "fit": "average_SEM", 
        "value": 4.4096814235672355e-06
    }, 
    "H1": {
        "error": 0.041492728587341925, 
        "fit": "average_SEM", 
        "value": 0.01788734543661121
    }, 
    "H2": {
        "error": 0.13643439807731816, 
        "fit": "average_SEM", 
        "value": 0.20040089873493547
    }, 
    "L1": {
        "error": 0.32193299294078487, 
        "fit": "average_SEM", 
        "value": 0.1033253802633327
    }, 
    "L2": {
        "error": 0.04652910519423393, 
        "fit": "average_SEM", 
        "value": -0.003955537175352219
    }
}