{
    "AX": {
        "error": 0.05501353815232437, 
        "fit": "average_SEM", 
        "value": 0.007403499465322562
    }, 
    "CDD": {
        "error": 3.813174171817526e-05, 
        "fit": "average_SEM", 
        "value": 9.701299131847917e-06
    }, 
    "H1": {
        "error": 0.043686056539028795, 
        "fit": "average_SEM", 
        "value": 0.016888677786806108
    }, 
    "H2": {
        "error": 0.13398494162822153, 
        "fit": "average_SEM", 
        "value": 0.17895506539692482
    }, 
    "L1": {
        "error": 0.3265376115343674, 
        "fit": "average_SEM", 
        "value": 0.11670928142654399
    }, 
    "L2": {
        "error": 0.05168014558265685, 
        "fit": "average_SEM", 
        "value": 0.0037435882454802697
    }
}