{
    "AX": {
        "error": 0.055266563461726065, 
        "fit": "average_SEM", 
        "value": 0.022538438971605502
    }, 
    "CDD": {
        "error": 4.0140294825757536e-05, 
        "fit": "average_SEM", 
        "value": 8.819362847134471e-06
    }, 
    "H1": {
        "error": 0.04161989180810557, 
        "fit": "average_SEM", 
        "value": 0.04472832195396121
    }, 
    "H2": {
        "error": 0.11987029029907474, 
        "fit": "average_SEM", 
        "value": 0.06626987883436312
    }, 
    "L1": {
        "error": 0.19961150340965586, 
        "fit": "average_SEM", 
        "value": -0.03767857034626003
    }, 
    "L2": {
        "error": 0.05010309534200059, 
        "fit": "average_SEM", 
        "value": 0.013017928844783455
    }
}