{
    "AX": {
        "error": 0.05454781608953577, 
        "fit": "average_SEM", 
        "value": 0.0238017982078721
    }, 
    "CDD": {
        "error": 2.8575721011395455e-05, 
        "fit": "average_SEM", 
        "value": 5.291617708280683e-06
    }, 
    "H1": {
        "error": 0.04054261525318403, 
        "fit": "average_SEM", 
        "value": 0.04491053240878197
    }, 
    "H2": {
        "error": 0.12271155499278942, 
        "fit": "average_SEM", 
        "value": -0.10085803745282142
    }, 
    "L1": {
        "error": 0.1815113761179304, 
        "fit": "average_SEM", 
        "value": -0.02555183315028747
    }, 
    "L2": {
        "error": 0.05759218880247795, 
        "fit": "average_SEM", 
        "value": 0.008595953237575789
    }
}