{
    "AX": {
        "error": 0.052025670783841356, 
        "fit": "average_SEM", 
        "value": 0.022016310441540555
    }, 
    "CDD": {
        "error": 4.5818218984020696e-05, 
        "fit": "average_SEM", 
        "value": 1.234710798598826e-05
    }, 
    "H1": {
        "error": 0.04545724570415454, 
        "fit": "average_SEM", 
        "value": 0.04959724856817047
    }, 
    "H2": {
        "error": 0.12242749200840361, 
        "fit": "average_SEM", 
        "value": -0.13186365959312146
    }, 
    "L1": {
        "error": 0.18439833169944528, 
        "fit": "average_SEM", 
        "value": -0.030453909710114305
    }, 
    "L2": {
        "error": 0.05320479799584369, 
        "fit": "average_SEM", 
        "value": 0.012814834479164953
    }
}