{
    "AX": {
        "error": 0.057532781025593276, 
        "fit": "average_SEM", 
        "value": 0.0207317922928875
    }, 
    "CDD": {
        "error": 3.2806217870041524e-05, 
        "fit": "average_SEM", 
        "value": 7.055490277707576e-06
    }, 
    "H1": {
        "error": 0.03833746359271747, 
        "fit": "average_SEM", 
        "value": 0.04542701689644875
    }, 
    "H2": {
        "error": 0.11180423599254728, 
        "fit": "average_SEM", 
        "value": -0.1109761032405206
    }, 
    "L1": {
        "error": 0.16483293372510724, 
        "fit": "average_SEM", 
        "value": -0.028987997833691125
    }, 
    "L2": {
        "error": 0.05341768885380874, 
        "fit": "average_SEM", 
        "value": 0.012062296710145247
    }
}