{
    "AX": {
        "error": 0.05617353339968955, 
        "fit": "average_SEM", 
        "value": 0.020807738891421144
    }, 
    "CDD": {
        "error": 3.469494934374074e-05, 
        "fit": "average_SEM", 
        "value": 7.937426562421025e-06
    }, 
    "H1": {
        "error": 0.040464108910483465, 
        "fit": "average_SEM", 
        "value": 0.0502225160275379
    }, 
    "H2": {
        "error": 0.10427487872424214, 
        "fit": "average_SEM", 
        "value": -0.1101352647296153
    }, 
    "L1": {
        "error": 0.17986198952807436, 
        "fit": "average_SEM", 
        "value": -0.019803673214401997
    }, 
    "L2": {
        "error": 0.05138454147109407, 
        "fit": "average_SEM", 
        "value": 0.015387228056675263
    }
}