{
    "AX": {
        "error": 0.06056359721498496, 
        "fit": "average_SEM", 
        "value": 0.020230156264086772
    }, 
    "CDD": {
        "error": 5.537197081635182e-05, 
        "fit": "average_SEM", 
        "value": 1.7638725694268942e-05
    }, 
    "H1": {
        "error": 0.04066542955664807, 
        "fit": "average_SEM", 
        "value": 0.04675473881329203
    }, 
    "H2": {
        "error": 0.12588785595960275, 
        "fit": "average_SEM", 
        "value": 0.07495824478837676
    }, 
    "L1": {
        "error": 0.20498364510418288, 
        "fit": "average_SEM", 
        "value": -0.035360373691623356
    }, 
    "L2": {
        "error": 0.05461544631696864, 
        "fit": "average_SEM", 
        "value": 0.015190600630133607
    }
}