{
    "AX": {
        "error": 0.0574924162606962, 
        "fit": "average_SEM", 
        "value": 0.1693744158786204
    }, 
    "CDD": {
        "error": 1.6691941910868028e-05, 
        "fit": "average_SEM", 
        "value": 1.7594851669855415e-06
    }, 
    "H1": {
        "error": 0.04102185576124938, 
        "fit": "average_SEM", 
        "value": 0.20284683091772926
    }, 
    "H2": {
        "error": 0.12329293914213867, 
        "fit": "average_SEM", 
        "value": -0.09621137432081418
    }, 
    "L1": {
        "error": 0.24023784097451692, 
        "fit": "average_SEM", 
        "value": -0.001199026392876274
    }, 
    "L2": {
        "error": 0.052543642196820305, 
        "fit": "average_SEM", 
        "value": 0.14276046119630337
    }
}