{
    "AX": {
        "error": 0.054739376432686976, 
        "fit": "average_SEM", 
        "value": 0.16314287963840696
    }, 
    "CDD": {
        "error": 3.2816411028081083e-05, 
        "fit": "average_SEM", 
        "value": 7.037940667942166e-06
    }, 
    "H1": {
        "error": 0.04110916176510203, 
        "fit": "average_SEM", 
        "value": 0.2074356006251441
    }, 
    "H2": {
        "error": 0.13342567546083017, 
        "fit": "average_SEM", 
        "value": -0.09080148911774207
    }, 
    "L1": {
        "error": 0.22270767052696477, 
        "fit": "average_SEM", 
        "value": 0.03867601639617028
    }, 
    "L2": {
        "error": 0.05185133182199877, 
        "fit": "average_SEM", 
        "value": 0.14079718817439343
    }
}