{
    "AX": {
        "error": 0.06243919714714617, 
        "fit": "average_SEM", 
        "value": 0.15697767906046162
    }, 
    "CDD": {
        "error": 3.2816411028081083e-05, 
        "fit": "average_SEM", 
        "value": 7.037940667942166e-06
    }, 
    "H1": {
        "error": 0.038453246912353495, 
        "fit": "average_SEM", 
        "value": 0.18831152675880325
    }, 
    "H2": {
        "error": 0.12064081232250161, 
        "fit": "average_SEM", 
        "value": -0.046952063147909937
    }, 
    "L1": {
        "error": 0.22706831907493674, 
        "fit": "average_SEM", 
        "value": 0.0437318671701683
    }, 
    "L2": {
        "error": 0.055179662712122955, 
        "fit": "average_SEM", 
        "value": 0.14483833054804968
    }
}