{
    "AX": {
        "error": 0.05960802412577064, 
        "fit": "average_SEM", 
        "value": 0.1699061646941118
    }, 
    "CDD": {
        "error": 5.910768778619261e-05, 
        "fit": "average_SEM", 
        "value": 2.111382232720239e-05
    }, 
    "H1": {
        "error": 0.04557307968926634, 
        "fit": "average_SEM", 
        "value": 0.20961535771687825
    }, 
    "H2": {
        "error": 0.12433724380005645, 
        "fit": "average_SEM", 
        "value": -0.15345181179129416
    }, 
    "L1": {
        "error": 0.2611598473580938, 
        "fit": "average_SEM", 
        "value": -0.19705749774972597
    }, 
    "L2": {
        "error": 0.04880954693203017, 
        "fit": "average_SEM", 
        "value": 0.14459715564217832
    }
}