{
    "AX": {
        "error": 0.06213498906271473, 
        "fit": "average_SEM", 
        "value": 0.1556760931594504
    }, 
    "CDD": {
        "error": 4.264812353883017e-05, 
        "fit": "average_SEM", 
        "value": 1.2316396168898792e-05
    }, 
    "H1": {
        "error": 0.03971229476842875, 
        "fit": "average_SEM", 
        "value": 0.19562012967136172
    }, 
    "H2": {
        "error": 0.1365324253206189, 
        "fit": "average_SEM", 
        "value": -0.057342073802525796
    }, 
    "L1": {
        "error": 0.19959688533569586, 
        "fit": "average_SEM", 
        "value": 0.05639819361062513
    }, 
    "L2": {
        "error": 0.04773587796003762, 
        "fit": "average_SEM", 
        "value": 0.15110865020089678
    }
}