{
    "AX": {
        "error": 0.05403399456012967, 
        "fit": "average_SEM", 
        "value": 0.1612472053203318
    }, 
    "CDD": {
        "error": 3.647592603366796e-05, 
        "fit": "average_SEM", 
        "value": 8.797425834927708e-06
    }, 
    "H1": {
        "error": 0.04754754754077646, 
        "fit": "average_SEM", 
        "value": 0.20945225300060377
    }, 
    "H2": {
        "error": 0.13685595564990025, 
        "fit": "average_SEM", 
        "value": -0.1646626615845081
    }, 
    "L1": {
        "error": 0.29461621747154837, 
        "fit": "average_SEM", 
        "value": -0.13446839837771324
    }, 
    "L2": {
        "error": 0.051990748077322776, 
        "fit": "average_SEM", 
        "value": 0.1481716889060206
    }
}