{
    "AX": {
        "error": 0.05622018014594881, 
        "fit": "average_SEM", 
        "value": 0.16227998085733916
    }, 
    "CDD": {
        "error": 2.8584599719740244e-05, 
        "fit": "average_SEM", 
        "value": 5.278455500956625e-06
    }, 
    "H1": {
        "error": 0.04548977656767168, 
        "fit": "average_SEM", 
        "value": 0.18397260945704247
    }, 
    "H2": {
        "error": 0.12940424700193862, 
        "fit": "average_SEM", 
        "value": -0.036104049357689086
    }, 
    "L1": {
        "error": 0.22512189976445834, 
        "fit": "average_SEM", 
        "value": 0.06175319669354293
    }, 
    "L2": {
        "error": 0.044560876116165146, 
        "fit": "average_SEM", 
        "value": 0.13339133519265386
    }
}