{
    "AX": {
        "error": 0.05208420073450643, 
        "fit": "average_SEM", 
        "value": 0.17084468290623692
    }, 
    "CDD": {
        "error": 9.58715852924764e-05, 
        "fit": "average_SEM", 
        "value": 5.630352679872885e-05
    }, 
    "H1": {
        "error": 0.03843436922196429, 
        "fit": "average_SEM", 
        "value": 0.22827294187413322
    }, 
    "H2": {
        "error": 0.13341046897079162, 
        "fit": "average_SEM", 
        "value": -0.19756476157344877
    }, 
    "L1": {
        "error": 0.30316612590574615, 
        "fit": "average_SEM", 
        "value": -0.07196740169698994
    }, 
    "L2": {
        "error": 0.04982636485238705, 
        "fit": "average_SEM", 
        "value": 0.14320463153223198
    }
}