{
    "AX": {
        "error": 0.05584192140608818, 
        "fit": "average_SEM", 
        "value": 0.17404825112058056
    }, 
    "CDD": {
        "error": 3.647592603366796e-05, 
        "fit": "average_SEM", 
        "value": 8.797425834927708e-06
    }, 
    "H1": {
        "error": 0.04652910001632319, 
        "fit": "average_SEM", 
        "value": 0.20812013091312515
    }, 
    "H2": {
        "error": 0.11904000970573554, 
        "fit": "average_SEM", 
        "value": -0.1363007271196693
    }, 
    "L1": {
        "error": 0.3124459356469311, 
        "fit": "average_SEM", 
        "value": -0.16556924189660802
    }, 
    "L2": {
        "error": 0.04628700143707832, 
        "fit": "average_SEM", 
        "value": 0.1508758809003565
    }
}