{
    "AX": {
        "error": 0.05910342824699259, 
        "fit": "average_SEM", 
        "value": 0.15260992310941218
    }, 
    "CDD": {
        "error": 3.972163620606199e-05, 
        "fit": "average_SEM", 
        "value": 1.055691100191325e-05
    }, 
    "H1": {
        "error": 0.043051042907138126, 
        "fit": "average_SEM", 
        "value": 0.1965149563219812
    }, 
    "H2": {
        "error": 0.12996273119849938, 
        "fit": "average_SEM", 
        "value": -0.07156131417076621
    }, 
    "L1": {
        "error": 0.21772266488239483, 
        "fit": "average_SEM", 
        "value": 0.05146145335602341
    }, 
    "L2": {
        "error": 0.05273630665789496, 
        "fit": "average_SEM", 
        "value": 0.13801018186948366
    }
}