{
    "AX": {
        "error": 0.057314473839351975, 
        "fit": "average_SEM", 
        "value": 0.1550190960471001
    }, 
    "CDD": {
        "error": 2.8584599719740244e-05, 
        "fit": "average_SEM", 
        "value": 5.278455500956625e-06
    }, 
    "H1": {
        "error": 0.04358446239584886, 
        "fit": "average_SEM", 
        "value": 0.20329773525396982
    }, 
    "H2": {
        "error": 0.10792295465700527, 
        "fit": "average_SEM", 
        "value": -0.09977528551567552
    }, 
    "L1": {
        "error": 0.25347379759477606, 
        "fit": "average_SEM", 
        "value": 0.011452135847260554
    }, 
    "L2": {
        "error": 0.04625736357872324, 
        "fit": "average_SEM", 
        "value": 0.1399861661096414
    }
}