{
    "AX": {
        "error": 0.05221020370230707, 
        "fit": "average_SEM", 
        "value": 0.16282655379424493
    }, 
    "CDD": {
        "error": 3.647592603366796e-05, 
        "fit": "average_SEM", 
        "value": 8.797425834927708e-06
    }, 
    "H1": {
        "error": 0.04607608122097921, 
        "fit": "average_SEM", 
        "value": 0.20080764500631226
    }, 
    "H2": {
        "error": 0.11791074703538923, 
        "fit": "average_SEM", 
        "value": -0.07630733159474201
    }, 
    "L1": {
        "error": 0.23544479787131997, 
        "fit": "average_SEM", 
        "value": 0.03167474358342588
    }, 
    "L2": {
        "error": 0.0615609352366518, 
        "fit": "average_SEM", 
        "value": 0.14323558492792976
    }
}