{
    "AX": {
        "error": 0.06078627329332147, 
        "fit": "average_SEM", 
        "value": 0.16578725001050365
    }, 
    "CDD": {
        "error": 3.647592603366796e-05, 
        "fit": "average_SEM", 
        "value": 8.797425834927708e-06
    }, 
    "H1": {
        "error": 0.044441887531403844, 
        "fit": "average_SEM", 
        "value": 0.20046888863046963
    }, 
    "H2": {
        "error": 0.105946651263603, 
        "fit": "average_SEM", 
        "value": -0.11376082298779187
    }, 
    "L1": {
        "error": 0.2414432957775061, 
        "fit": "average_SEM", 
        "value": -0.0009482914762985375
    }, 
    "L2": {
        "error": 0.05618102065302039, 
        "fit": "average_SEM", 
        "value": 0.13867938263703966
    }
}