{
    "AX": {
        "error": 0.05241030797397072, 
        "fit": "average_SEM", 
        "value": 0.15764595042500232
    }, 
    "CDD": {
        "error": 4.264812353883017e-05, 
        "fit": "average_SEM", 
        "value": 1.2316396168898792e-05
    }, 
    "H1": {
        "error": 0.03824693343525816, 
        "fit": "average_SEM", 
        "value": 0.1954338969455825
    }, 
    "H2": {
        "error": 0.10891331090886666, 
        "fit": "average_SEM", 
        "value": -0.08178685541885594
    }, 
    "L1": {
        "error": 0.2429567133999266, 
        "fit": "average_SEM", 
        "value": 0.04794997355590264
    }, 
    "L2": {
        "error": 0.05144890400163217, 
        "fit": "average_SEM", 
        "value": 0.14528716421789592
    }
}