{
    "AX": {
        "error": 0.06675540525996601, 
        "fit": "average_SEM", 
        "value": 0.17348973598952094
    }, 
    "CDD": {
        "error": 2.3472978190571605e-05, 
        "fit": "average_SEM", 
        "value": 3.518970333971083e-06
    }, 
    "H1": {
        "error": 0.04029431979721005, 
        "fit": "average_SEM", 
        "value": 0.20466277342703607
    }, 
    "H2": {
        "error": 0.11811837238106207, 
        "fit": "average_SEM", 
        "value": -0.17610609215529013
    }, 
    "L1": {
        "error": 0.32938051699991144, 
        "fit": "average_SEM", 
        "value": -0.1333441921820243
    }, 
    "L2": {
        "error": 0.054060699404617364, 
        "fit": "average_SEM", 
        "value": 0.14774888105069597
    }
}