{
    "AX": {
        "error": 0.056767078410978014, 
        "fit": "average_SEM", 
        "value": 0.16613691213230292
    }, 
    "CDD": {
        "error": 4.264812353883017e-05, 
        "fit": "average_SEM", 
        "value": 1.2316396168898792e-05
    }, 
    "H1": {
        "error": 0.034636428096703725, 
        "fit": "average_SEM", 
        "value": 0.204534558703502
    }, 
    "H2": {
        "error": 0.133432687112624, 
        "fit": "average_SEM", 
        "value": -0.16187716084015039
    }, 
    "L1": {
        "error": 0.20648968602922313, 
        "fit": "average_SEM", 
        "value": 0.19210862602016682
    }, 
    "L2": {
        "error": 0.049273169906637736, 
        "fit": "average_SEM", 
        "value": 0.14760532768236267
    }
}