{
    "AX": {
        "error": 0.05485449223742626, 
        "fit": "average_SEM", 
        "value": 0.1530608851255642
    }, 
    "CDD": {
        "error": 0.0, 
        "fit": "average_SEM", 
        "value": 0.0
    }, 
    "H1": {
        "error": 0.04418210235461888, 
        "fit": "average_SEM", 
        "value": 0.18796212631795142
    }, 
    "H2": {
        "error": 0.1212308094663237, 
        "fit": "average_SEM", 
        "value": -0.03843806578208589
    }, 
    "L1": {
        "error": 0.2377239498543458, 
        "fit": "average_SEM", 
        "value": 0.09097755038075978
    }, 
    "L2": {
        "error": 0.0552633514168499, 
        "fit": "average_SEM", 
        "value": 0.14258713909528323
    }
}