{
    "AX": {
        "error": 0.06019032618871235, 
        "fit": "average_SEM", 
        "value": 0.15911378246835536
    }, 
    "CDD": {
        "error": 4.352006864976857e-05, 
        "fit": "average_SEM", 
        "value": 8.797426158303601e-06
    }, 
    "H1": {
        "error": 0.042347573279143576, 
        "fit": "average_SEM", 
        "value": 0.20365224132935206
    }, 
    "H2": {
        "error": 0.1263052894589473, 
        "fit": "average_SEM", 
        "value": -0.0246161000078751
    }, 
    "L1": {
        "error": 0.2548063644727932, 
        "fit": "average_SEM", 
        "value": 0.1319931864919555
    }, 
    "L2": {
        "error": 0.04552299931849782, 
        "fit": "average_SEM", 
        "value": 0.14658966873668963
    }
}