{
    "AX": {
        "error": 0.06242599908254712, 
        "fit": "average_SEM", 
        "value": 0.17488829468687375
    }, 
    "CDD": {
        "error": 4.3520068649768565e-05, 
        "fit": "average_SEM", 
        "value": 8.797426158303601e-06
    }, 
    "H1": {
        "error": 0.04678165829915346, 
        "fit": "average_SEM", 
        "value": 0.2017406418091721
    }, 
    "H2": {
        "error": 0.11467961910987773, 
        "fit": "average_SEM", 
        "value": -0.14631525964747805
    }, 
    "L1": {
        "error": 0.22897461434967634, 
        "fit": "average_SEM", 
        "value": -0.056470924289897084
    }, 
    "L2": {
        "error": 0.05510640121758712, 
        "fit": "average_SEM", 
        "value": 0.15448077159623305
    }
}