{
    "AX": {
        "error": 0.05051532216822202, 
        "fit": "average_SEM", 
        "value": 0.15599983669817447
    }, 
    "CDD": {
        "error": 4.777224220451543e-05, 
        "fit": "average_SEM", 
        "value": 1.5835366502869876e-05
    }, 
    "H1": {
        "error": 0.03603202250802553, 
        "fit": "average_SEM", 
        "value": 0.1849966992934545
    }, 
    "H2": {
        "error": 0.12379806471012327, 
        "fit": "average_SEM", 
        "value": -0.01773045556102362
    }, 
    "L1": {
        "error": 0.23634621481698354, 
        "fit": "average_SEM", 
        "value": 0.10880122048418141
    }, 
    "L2": {
        "error": 0.05658247399235936, 
        "fit": "average_SEM", 
        "value": 0.13651061453339125
    }
}