{
    "AX": {
        "error": 0.05895712096406177, 
        "fit": "average_SEM", 
        "value": 0.14858440419452057
    }, 
    "CDD": {
        "error": 1.6691941910868024e-05, 
        "fit": "average_SEM", 
        "value": 1.7594851669855415e-06
    }, 
    "H1": {
        "error": 0.042610796702122936, 
        "fit": "average_SEM", 
        "value": 0.18762777538763153
    }, 
    "H2": {
        "error": 0.11164840924733802, 
        "fit": "average_SEM", 
        "value": -0.00968384444196191
    }, 
    "L1": {
        "error": 0.2327269003564636, 
        "fit": "average_SEM", 
        "value": 0.1211958030031787
    }, 
    "L2": {
        "error": 0.04442477468645332, 
        "fit": "average_SEM", 
        "value": 0.1380432633890046
    }
}