{
    "AX": {
        "error": 0.05115311544029772, 
        "fit": "average_SEM", 
        "value": 0.16135815903544426
    }, 
    "CDD": {
        "error": 3.281641102808109e-05, 
        "fit": "average_SEM", 
        "value": 7.037940667942166e-06
    }, 
    "H1": {
        "error": 0.04520914267714505, 
        "fit": "average_SEM", 
        "value": 0.20744035947653983
    }, 
    "H2": {
        "error": 0.12777489531868141, 
        "fit": "average_SEM", 
        "value": -0.12299273537420151
    }, 
    "L1": {
        "error": 0.28014601296405794, 
        "fit": "average_SEM", 
        "value": 0.08045866647735238
    }, 
    "L2": {
        "error": 0.04998031128940536, 
        "fit": "average_SEM", 
        "value": 0.14887887307753164
    }
}