{
    "AX": {
        "error": 0.056564783408643016, 
        "fit": "average_SEM", 
        "value": 0.16936334988309276
    }, 
    "CDD": {
        "error": 3.2816411028081083e-05, 
        "fit": "average_SEM", 
        "value": 7.037940667942166e-06
    }, 
    "H1": {
        "error": 0.0411909774344832, 
        "fit": "average_SEM", 
        "value": 0.20395123809576035
    }, 
    "H2": {
        "error": 0.14293878520136089, 
        "fit": "average_SEM", 
        "value": -0.15363972374858956
    }, 
    "L1": {
        "error": 0.2368625228418023, 
        "fit": "average_SEM", 
        "value": -0.03383295526210633
    }, 
    "L2": {
        "error": 0.04825491979344677, 
        "fit": "average_SEM", 
        "value": 0.14926271355814405
    }
}