{
    "AX": {
        "error": 0.058472666457755805, 
        "fit": "average_SEM", 
        "value": 0.16474391379290157
    }, 
    "CDD": {
        "error": 2.8584599719740244e-05, 
        "fit": "average_SEM", 
        "value": 5.278455500956625e-06
    }, 
    "H1": {
        "error": 0.04293704094821259, 
        "fit": "average_SEM", 
        "value": 0.20157422994573912
    }, 
    "H2": {
        "error": 0.11797544432358938, 
        "fit": "average_SEM", 
        "value": -0.12607721862538407
    }, 
    "L1": {
        "error": 0.24842821821764396, 
        "fit": "average_SEM", 
        "value": 0.08180123570685585
    }, 
    "L2": {
        "error": 0.049617620558153844, 
        "fit": "average_SEM", 
        "value": 0.14555254516502222
    }
}