{
    "AX": {
        "error": 0.056940390134836746, 
        "fit": "average_SEM", 
        "value": 0.15935216711627112
    }, 
    "CDD": {
        "error": 1.6691941910868024e-05, 
        "fit": "average_SEM", 
        "value": 1.7594851669855415e-06
    }, 
    "H1": {
        "error": 0.03726972946187704, 
        "fit": "average_SEM", 
        "value": 0.19113477692008018
    }, 
    "H2": {
        "error": 0.14307136045246074, 
        "fit": "average_SEM", 
        "value": -0.0037258453777111655
    }, 
    "L1": {
        "error": 0.24763679403504907, 
        "fit": "average_SEM", 
        "value": 0.10056539997070407
    }, 
    "L2": {
        "error": 0.047835487514022924, 
        "fit": "average_SEM", 
        "value": 0.13833097062177127
    }
}