{
    "AX": {
        "error": 0.05344579363680855, 
        "fit": "average_SEM", 
        "value": 0.0200550764598625
    }, 
    "CDD": {
        "error": 3.813174171817525e-05, 
        "fit": "average_SEM", 
        "value": 9.701299131847917e-06
    }, 
    "H1": {
        "error": 0.04220088949565392, 
        "fit": "average_SEM", 
        "value": 0.0484167343742835
    }, 
    "H2": {
        "error": 0.11488501027303243, 
        "fit": "average_SEM", 
        "value": -0.11356108530890197
    }, 
    "L1": {
        "error": 0.1767880055401996, 
        "fit": "average_SEM", 
        "value": -0.010988101085078798
    }, 
    "L2": {
        "error": 0.05449970659230605, 
        "fit": "average_SEM", 
        "value": 0.019477921314278824
    }
}