{
    "AX": {
        "error": 0.05479255130139553, 
        "fit": "average_SEM", 
        "value": 0.15559562827563947
    }, 
    "CDD": {
        "error": 3.647592603366796e-05, 
        "fit": "average_SEM", 
        "value": 8.797425834927708e-06
    }, 
    "H1": {
        "error": 0.05238077959612173, 
        "fit": "average_SEM", 
        "value": 0.20011500401629342
    }, 
    "H2": {
        "error": 0.13678484545360747, 
        "fit": "average_SEM", 
        "value": -0.11628021987982923
    }, 
    "L1": {
        "error": 0.24151886293573924, 
        "fit": "average_SEM", 
        "value": 0.05611933157520576
    }, 
    "L2": {
        "error": 0.05084364529916372, 
        "fit": "average_SEM", 
        "value": 0.141942079926634
    }
}