{
    "AX": {
        "error": 0.05247124977025896, 
        "fit": "average_SEM", 
        "value": 0.15100582405510876
    }, 
    "CDD": {
        "error": 3.9721636206061996e-05, 
        "fit": "average_SEM", 
        "value": 1.055691100191325e-05
    }, 
    "H1": {
        "error": 0.03500710619997916, 
        "fit": "average_SEM", 
        "value": 0.20233175936672423
    }, 
    "H2": {
        "error": 0.12092928754088657, 
        "fit": "average_SEM", 
        "value": -0.12180247521545325
    }, 
    "L1": {
        "error": 0.2625149645258678, 
        "fit": "average_SEM", 
        "value": 0.0021296428309546577
    }, 
    "L2": {
        "error": 0.05100145541384645, 
        "fit": "average_SEM", 
        "value": 0.15096235101421673
    }
}