{
    "AX": {
        "error": 0.059260816678522586, 
        "fit": "average_SEM", 
        "value": 0.15624966323375702
    }, 
    "CDD": {
        "error": 3.647592603366796e-05, 
        "fit": "average_SEM", 
        "value": 8.797425834927708e-06
    }, 
    "H1": {
        "error": 0.04339820935679596, 
        "fit": "average_SEM", 
        "value": 0.19506776142451498
    }, 
    "H2": {
        "error": 0.10920306091241633, 
        "fit": "average_SEM", 
        "value": -0.028080192032373615
    }, 
    "L1": {
        "error": 0.22637264685519226, 
        "fit": "average_SEM", 
        "value": 0.11230324962072902
    }, 
    "L2": {
        "error": 0.053971086816460435, 
        "fit": "average_SEM", 
        "value": 0.13084781531554956
    }
}