{
    "AX": {
        "error": 0.054936928021809536, 
        "fit": "average_SEM", 
        "value": 0.017668638128654695
    }, 
    "CDD": {
        "error": 4.6259932458321e-05, 
        "fit": "average_SEM", 
        "value": 1.0583235416561365e-05
    }, 
    "H1": {
        "error": 0.044124483100646476, 
        "fit": "average_SEM", 
        "value": 0.06254986621627015
    }, 
    "H2": {
        "error": 0.11391161639465115, 
        "fit": "average_SEM", 
        "value": -0.10902335649265701
    }, 
    "L1": {
        "error": 0.16774398126714035, 
        "fit": "average_SEM", 
        "value": -0.04026658859640722
    }, 
    "L2": {
        "error": 0.052363465040288416, 
        "fit": "average_SEM", 
        "value": 0.01886570729418761
    }
}