{
    "AX": {
        "error": 0.058478959425230854, 
        "fit": "average_SEM", 
        "value": 0.02039031722257884
    }, 
    "CDD": {
        "error": 3.280621787004153e-05, 
        "fit": "average_SEM", 
        "value": 7.055490277707576e-06
    }, 
    "H1": {
        "error": 0.04444050980548627, 
        "fit": "average_SEM", 
        "value": 0.04931943857098102
    }, 
    "H2": {
        "error": 0.1276082420633782, 
        "fit": "average_SEM", 
        "value": -0.15926807737252804
    }, 
    "L1": {
        "error": 0.1746012804221501, 
        "fit": "average_SEM", 
        "value": -0.06872791966501003
    }, 
    "L2": {
        "error": 0.05218382994878693, 
        "fit": "average_SEM", 
        "value": 0.011979317326525537
    }
}