{
    "AX": {
        "error": 0.05343053337587795, 
        "fit": "average_SEM", 
        "value": 0.02946784381573606
    }, 
    "CDD": {
        "error": 4.58182189840207e-05, 
        "fit": "average_SEM", 
        "value": 1.234710798598826e-05
    }, 
    "H1": {
        "error": 0.04623300314472887, 
        "fit": "average_SEM", 
        "value": 0.05587738997758909
    }, 
    "H2": {
        "error": 0.11684251345499241, 
        "fit": "average_SEM", 
        "value": -0.14383672061634975
    }, 
    "L1": {
        "error": 0.18437240460048043, 
        "fit": "average_SEM", 
        "value": -0.05082308305944833
    }, 
    "L2": {
        "error": 0.05492916430720311, 
        "fit": "average_SEM", 
        "value": 0.018640277542160927
    }
}