{
    "AX": {
        "error": 0.052427831803641786, 
        "fit": "average_SEM", 
        "value": 0.147219448371066
    }, 
    "CDD": {
        "error": 3.647592603366796e-05, 
        "fit": "average_SEM", 
        "value": 8.797425834927708e-06
    }, 
    "H1": {
        "error": 0.03896025541140974, 
        "fit": "average_SEM", 
        "value": 0.1910120826628473
    }, 
    "H2": {
        "error": 0.11721913046404506, 
        "fit": "average_SEM", 
        "value": 0.18287123025705418
    }, 
    "L1": {
        "error": 0.2528657788640613, 
        "fit": "average_SEM", 
        "value": 0.11071262452751399
    }, 
    "L2": {
        "error": 0.04966564485376837, 
        "fit": "average_SEM", 
        "value": 0.13599688236912091
    }
}