{
    "AX": {
        "error": 0.06409862798143869, 
        "fit": "average_SEM", 
        "value": 0.15363116670691346
    }, 
    "CDD": {
        "error": 7.141219978165173e-05, 
        "fit": "average_SEM", 
        "value": 3.694918883007227e-05
    }, 
    "H1": {
        "error": 0.04888464014400301, 
        "fit": "average_SEM", 
        "value": 0.19039327891336547
    }, 
    "H2": {
        "error": 0.12006641175098084, 
        "fit": "average_SEM", 
        "value": -0.0211942350805556
    }, 
    "L1": {
        "error": 0.25350502727122437, 
        "fit": "average_SEM", 
        "value": 0.11913162759608692
    }, 
    "L2": {
        "error": 0.051604567183703084, 
        "fit": "average_SEM", 
        "value": 0.1364853848185804
    }
}