{
    "AX": {
        "error": 0.05938736849014868, 
        "fit": "average_SEM", 
        "value": 0.14663822625039352
    }, 
    "CDD": {
        "error": 2.3472978190571605e-05, 
        "fit": "average_SEM", 
        "value": 3.518970333971083e-06
    }, 
    "H1": {
        "error": 0.04530372257343286, 
        "fit": "average_SEM", 
        "value": 0.1899456159936057
    }, 
    "H2": {
        "error": 0.11895357274726669, 
        "fit": "average_SEM", 
        "value": -0.006377106916625052
    }, 
    "L1": {
        "error": 0.24537632813798424, 
        "fit": "average_SEM", 
        "value": 0.11304304324504402
    }, 
    "L2": {
        "error": 0.05335407008117034, 
        "fit": "average_SEM", 
        "value": 0.13867138968780637
    }
}