{
    "AX": {
        "error": 0.05666473662531808, 
        "fit": "average_SEM", 
        "value": 0.161488690905066
    }, 
    "CDD": {
        "error": 0.00013806540849841623, 
        "fit": "average_SEM", 
        "value": 0.0001073285998750685
    }, 
    "H1": {
        "error": 0.044200622636095595, 
        "fit": "average_SEM", 
        "value": 0.19017996829417017
    }, 
    "H2": {
        "error": 0.11837826290693969, 
        "fit": "average_SEM", 
        "value": -0.014751684761399196
    }, 
    "L1": {
        "error": 0.23350682662420197, 
        "fit": "average_SEM", 
        "value": 0.1615903934567339
    }, 
    "L2": {
        "error": 0.051062157290767046, 
        "fit": "average_SEM", 
        "value": 0.13759285140161712
    }
}