{
    "AX": {
        "error": 0.059066768735973114, 
        "fit": "average_SEM", 
        "value": 0.15110487002465461
    }, 
    "CDD": {
        "error": 3.9721636206061996e-05, 
        "fit": "average_SEM", 
        "value": 1.055691100191325e-05
    }, 
    "H1": {
        "error": 0.042700289502105186, 
        "fit": "average_SEM", 
        "value": 0.19621587652299138
    }, 
    "H2": {
        "error": 0.13304599392807864, 
        "fit": "average_SEM", 
        "value": -0.07151517849480216
    }, 
    "L1": {
        "error": 0.252091598446385, 
        "fit": "average_SEM", 
        "value": 0.07315606178017334
    }, 
    "L2": {
        "error": 0.05328398606420557, 
        "fit": "average_SEM", 
        "value": 0.13858755998727348
    }
}