{
    "AX": {
        "error": 0.054577945437504445, 
        "fit": "average_SEM", 
        "value": 0.16270483661856916
    }, 
    "CDD": {
        "error": 1.6691941910868024e-05, 
        "fit": "average_SEM", 
        "value": 1.7594851669855415e-06
    }, 
    "H1": {
        "error": 0.03607795889732391, 
        "fit": "average_SEM", 
        "value": 0.20328825298282835
    }, 
    "H2": {
        "error": 0.12602974633471414, 
        "fit": "average_SEM", 
        "value": -0.07444712912482727
    }, 
    "L1": {
        "error": 0.26809997018100573, 
        "fit": "average_SEM", 
        "value": 0.07261695241904817
    }, 
    "L2": {
        "error": 0.049989720408387416, 
        "fit": "average_SEM", 
        "value": 0.14008958815700479
    }
}