{
    "AX": {
        "error": 0.04856299850850422, 
        "fit": "average_SEM", 
        "value": 0.15888439611428315
    }, 
    "CDD": {
        "error": 3.647592603366796e-05, 
        "fit": "average_SEM", 
        "value": 8.797425834927708e-06
    }, 
    "H1": {
        "error": 0.04051058603028662, 
        "fit": "average_SEM", 
        "value": 0.1962045709292094
    }, 
    "H2": {
        "error": 0.12026011540628267, 
        "fit": "average_SEM", 
        "value": -0.07368209044474902
    }, 
    "L1": {
        "error": 0.25632186053384254, 
        "fit": "average_SEM", 
        "value": 0.08532586756369306
    }, 
    "L2": {
        "error": 0.04883558110648194, 
        "fit": "average_SEM", 
        "value": 0.14425097501112355
    }
}