{
    "AX": {
        "error": 0.0559557385580633, 
        "fit": "average_SEM", 
        "value": 0.15834342199895118
    }, 
    "CDD": {
        "error": 2.8584599719740244e-05, 
        "fit": "average_SEM", 
        "value": 5.278455500956625e-06
    }, 
    "H1": {
        "error": 0.046050297137259104, 
        "fit": "average_SEM", 
        "value": 0.18992145905892055
    }, 
    "H2": {
        "error": 0.12068621648281787, 
        "fit": "average_SEM", 
        "value": 0.18154294847303795
    }, 
    "L1": {
        "error": 0.22773036421904558, 
        "fit": "average_SEM", 
        "value": 0.13149338661589557
    }, 
    "L2": {
        "error": 0.05514766973096677, 
        "fit": "average_SEM", 
        "value": 0.1371213872399595
    }
}