{
    "AX": {
        "error": 0.05307871243805689, 
        "fit": "average_SEM", 
        "value": 0.15491750542488364
    }, 
    "CDD": {
        "error": 3.9721636206061996e-05, 
        "fit": "average_SEM", 
        "value": 1.055691100191325e-05
    }, 
    "H1": {
        "error": 0.041949633291254486, 
        "fit": "average_SEM", 
        "value": 0.1952482010755274
    }, 
    "H2": {
        "error": 0.12389841618987021, 
        "fit": "average_SEM", 
        "value": -0.0740994405803374
    }, 
    "L1": {
        "error": 0.2715958258021066, 
        "fit": "average_SEM", 
        "value": 0.061833084302230015
    }, 
    "L2": {
        "error": 0.0515941709442049, 
        "fit": "average_SEM", 
        "value": 0.1385807078021268
    }
}