{
    "AX": {
        "error": 0.057299012140050495, 
        "fit": "average_SEM", 
        "value": 0.14953220619095697
    }, 
    "CDD": {
        "error": 3.647592603366796e-05, 
        "fit": "average_SEM", 
        "value": 8.797425834927708e-06
    }, 
    "H1": {
        "error": 0.04590735222656678, 
        "fit": "average_SEM", 
        "value": 0.18967674217290348
    }, 
    "H2": {
        "error": 0.11732263858810146, 
        "fit": "average_SEM", 
        "value": -0.012845519754207797
    }, 
    "L1": {
        "error": 0.24110516880973973, 
        "fit": "average_SEM", 
        "value": 0.13925910064847105
    }, 
    "L2": {
        "error": 0.05910639598010531, 
        "fit": "average_SEM", 
        "value": 0.1366599784957038
    }
}