{
    "AX": {
        "error": 0.0557196337050698, 
        "fit": "average_SEM", 
        "value": 0.1666625761323505
    }, 
    "CDD": {
        "error": 7.0329966881694e-05, 
        "fit": "average_SEM", 
        "value": 3.518970366308673e-05
    }, 
    "H1": {
        "error": 0.04132991835167471, 
        "fit": "average_SEM", 
        "value": 0.19514139576090705
    }, 
    "H2": {
        "error": 0.12286367052354248, 
        "fit": "average_SEM", 
        "value": -0.058427174608126124
    }, 
    "L1": {
        "error": 0.24940341681153275, 
        "fit": "average_SEM", 
        "value": 0.04094599403130512
    }, 
    "L2": {
        "error": 0.05552123615362309, 
        "fit": "average_SEM", 
        "value": 0.1455831407258908
    }
}