{
    "AX": {
        "error": 0.051560404547879204, 
        "fit": "average_SEM", 
        "value": 0.14838153339094587
    }, 
    "CDD": {
        "error": 3.9721636206061996e-05, 
        "fit": "average_SEM", 
        "value": 1.055691100191325e-05
    }, 
    "H1": {
        "error": 0.03911188040388973, 
        "fit": "average_SEM", 
        "value": 0.18771105118923717
    }, 
    "H2": {
        "error": 0.11289110311488515, 
        "fit": "average_SEM", 
        "value": -0.006470542827931543
    }, 
    "L1": {
        "error": 0.2333043058828554, 
        "fit": "average_SEM", 
        "value": 0.1342216292072812
    }, 
    "L2": {
        "error": 0.050553856971772254, 
        "fit": "average_SEM", 
        "value": 0.1421918773127901
    }
}