{
    "AX": {
        "error": 0.05595363058305701, 
        "fit": "average_SEM", 
        "value": 0.1571924338945084
    }, 
    "CDD": {
        "error": 3.2816411028081083e-05, 
        "fit": "average_SEM", 
        "value": 7.037940667942166e-06
    }, 
    "H1": {
        "error": 0.03789763103551272, 
        "fit": "average_SEM", 
        "value": 0.18723703854613835
    }, 
    "H2": {
        "error": 0.12584333684496515, 
        "fit": "average_SEM", 
        "value": -0.027154888966470024
    }, 
    "L1": {
        "error": 0.24075890183045795, 
        "fit": "average_SEM", 
        "value": 0.1092626697396756
    }, 
    "L2": {
        "error": 0.051791730180540625, 
        "fit": "average_SEM", 
        "value": 0.13411812637673898
    }
}