{
    "AX": {
        "error": 0.051808530486451926, 
        "fit": "average_SEM", 
        "value": 0.16163899791426956
    }, 
    "CDD": {
        "error": 2.3472978190571605e-05, 
        "fit": "average_SEM", 
        "value": 3.518970333971083e-06
    }, 
    "H1": {
        "error": 0.044211108949113155, 
        "fit": "average_SEM", 
        "value": 0.18890701631704968
    }, 
    "H2": {
        "error": 0.11492817599259655, 
        "fit": "average_SEM", 
        "value": -0.0598162075097207
    }, 
    "L1": {
        "error": 0.2765874382901457, 
        "fit": "average_SEM", 
        "value": 0.09765534234854083
    }, 
    "L2": {
        "error": 0.054855675119139594, 
        "fit": "average_SEM", 
        "value": 0.15132979545742273
    }
}