{
    "AX": {
        "error": 0.051698981165840326, 
        "fit": "average_SEM", 
        "value": 0.15231265982406006
    }, 
    "CDD": {
        "error": 2.3472978190571605e-05, 
        "fit": "average_SEM", 
        "value": 3.518970333971083e-06
    }, 
    "H1": {
        "error": 0.04294753729677746, 
        "fit": "average_SEM", 
        "value": 0.18612994692391818
    }, 
    "H2": {
        "error": 0.10970159808671001, 
        "fit": "average_SEM", 
        "value": -0.016625972756042353
    }, 
    "L1": {
        "error": 0.24797508491748077, 
        "fit": "average_SEM", 
        "value": 0.13516175725445564
    }, 
    "L2": {
        "error": 0.04991053870683764, 
        "fit": "average_SEM", 
        "value": 0.13662817990407347
    }
}