{
    "AX": {
        "error": 0.057025638458047534, 
        "fit": "average_SEM", 
        "value": 0.1485248608721627
    }, 
    "CDD": {
        "error": 4.531727436092522e-05, 
        "fit": "average_SEM", 
        "value": 1.4075881335884332e-05
    }, 
    "H1": {
        "error": 0.040733618497146296, 
        "fit": "average_SEM", 
        "value": 0.19007902070879937
    }, 
    "H2": {
        "error": 0.11703154419221501, 
        "fit": "average_SEM", 
        "value": -0.0013010379703094562
    }, 
    "L1": {
        "error": 0.25215704986469933, 
        "fit": "average_SEM", 
        "value": 0.11188257238051544
    }, 
    "L2": {
        "error": 0.04651064356210177, 
        "fit": "average_SEM", 
        "value": 0.13598354607820512
    }
}