{
    "AX": {
        "error": 0.05914205221777465, 
        "fit": "average_SEM", 
        "value": 0.15700766159635451
    }, 
    "CDD": {
        "error": 4.7772242204515425e-05, 
        "fit": "average_SEM", 
        "value": 1.5835366502869876e-05
    }, 
    "H1": {
        "error": 0.038266896078644815, 
        "fit": "average_SEM", 
        "value": 0.18978521716263558
    }, 
    "H2": {
        "error": 0.12579521830752025, 
        "fit": "average_SEM", 
        "value": -0.011966876313090324
    }, 
    "L1": {
        "error": 0.2665262355181323, 
        "fit": "average_SEM", 
        "value": 0.131010941716118
    }, 
    "L2": {
        "error": 0.04930862095932423, 
        "fit": "average_SEM", 
        "value": 0.14234924722048972
    }
}