{
    "AX": {
        "error": 0.05481634529572191, 
        "fit": "average_SEM", 
        "value": 0.14927713887559044
    }, 
    "CDD": {
        "error": 4.264812353883017e-05, 
        "fit": "average_SEM", 
        "value": 1.2316396168898792e-05
    }, 
    "H1": {
        "error": 0.03909806068780189, 
        "fit": "average_SEM", 
        "value": 0.19212433331542544
    }, 
    "H2": {
        "error": 0.11056887680959625, 
        "fit": "average_SEM", 
        "value": -0.01520219033377038
    }, 
    "L1": {
        "error": 0.2528337731778773, 
        "fit": "average_SEM", 
        "value": 0.11645715042993995
    }, 
    "L2": {
        "error": 0.048132701234587884, 
        "fit": "average_SEM", 
        "value": 0.14063416684512048
    }
}