{
    "Ar36": {
        "error": 0.0010840464350921461, 
        "fit": "parabolic", 
        "value": 0.0051829761340664981
    }, 
    "Ar37": {
        "error": 0.053274074846348961, 
        "fit": "linear", 
        "value": 0.1606755351937853
    }, 
    "Ar38": {
        "error": 0.29948915798666348, 
        "fit": "linear", 
        "value": -0.054254117702975155
    }, 
    "Ar39": {
        "error": 0.056468969150444935, 
        "fit": "parabolic", 
        "value": 0.18173231661079159
    }, 
    "Ar40": {
        "error": 0.045270454976969812, 
        "fit": "parabolic", 
        "value": 1.6579652385244414
    }, 
    "Ar41": {
        "error": 0.12554678815716389, 
        "fit": "average_SEM", 
        "value": -0.14643301816046006
    }
}