{
    "Ar36": {
        "error": 0.0010749542375855885, 
        "fit": "parabolic", 
        "value": 0.0038260008269950922
    }, 
    "Ar37": {
        "error": 0.050758992791105774, 
        "fit": "linear", 
        "value": 0.14799640119896679
    }, 
    "Ar38": {
        "error": 0.24084821534550743, 
        "fit": "linear", 
        "value": 0.099709913790108601
    }, 
    "Ar39": {
        "error": 0.06043855758450084, 
        "fit": "parabolic", 
        "value": 0.16801482164665602
    }, 
    "Ar40": {
        "error": 0.043604342024419034, 
        "fit": "parabolic", 
        "value": 1.2177352030517978
    }, 
    "Ar41": {
        "error": 0.11936441619201506, 
        "fit": "average_SEM", 
        "value": -0.028889632437985712
    }
}