{
    "Ar36": {
        "error": 0.0011897477389443949, 
        "fit": "parabolic", 
        "value": 0.004888211722384103
    }, 
    "Ar37": {
        "error": 0.056974220239115358, 
        "fit": "linear", 
        "value": 0.1670067005113435
    }, 
    "Ar38": {
        "error": 0.2524119637598396, 
        "fit": "linear", 
        "value": 0.17061992222271061
    }, 
    "Ar39": {
        "error": 0.0073797410312129172, 
        "fit": "parabolic", 
        "value": 0.026408668488074945
    }, 
    "Ar40": {
        "error": 0.092209678927965763, 
        "fit": "parabolic", 
        "value": 1.4553015970198535
    }, 
    "Ar41": {
        "error": 0.12762704590015264, 
        "fit": "average_SEM", 
        "value": -0.065168684753007258
    }
}