{
    "Ar36": {
        "error": 0.0011797568147578674, 
        "fit": "parabolic", 
        "value": 0.0042673731108991229
    }, 
    "Ar37": {
        "error": 0.054559258289973801, 
        "fit": "linear", 
        "value": 0.15715588480446616
    }, 
    "Ar38": {
        "error": 0.26677994620573198, 
        "fit": "linear", 
        "value": 0.2816061512706951
    }, 
    "Ar39": {
        "error": 0.0092137959677105873, 
        "fit": "parabolic", 
        "value": 0.06582932660935005
    }, 
    "Ar40": {
        "error": 0.096181757804162979, 
        "fit": "parabolic", 
        "value": 1.4232928020574662
    }, 
    "Ar41": {
        "error": 0.12983578194175258, 
        "fit": "average_SEM", 
        "value": 0.019053110384589268
    }
}