{
    "Ar36": {
        "error": 0.00088598358454195457, 
        "fit": "parabolic", 
        "value": 0.0023275013096788703
    }, 
    "Ar37": {
        "error": 0.056984423046933949, 
        "fit": "linear", 
        "value": 0.15084086672986591
    }, 
    "Ar38": {
        "error": 0.18230058928714052, 
        "fit": "linear", 
        "value": 0.11105723775056979
    }, 
    "Ar39": {
        "error": 0.00403395719641502, 
        "fit": "parabolic", 
        "value": 0.010073688311160916
    }, 
    "Ar40": {
        "error": 0.063139862884731057, 
        "fit": "parabolic", 
        "value": 0.75743880718678869
    }, 
    "Ar41": {
        "error": 0.11898546449898835, 
        "fit": "average_SEM", 
        "value": -0.022230650325450876
    }
}