{
    "Ar36": {
        "error": 0.0010700208623652765, 
        "fit": "parabolic", 
        "value": 0.0038786002868455832
    }, 
    "Ar37": {
        "error": 0.049439515474051288, 
        "fit": "linear", 
        "value": 0.16179304685729529
    }, 
    "Ar38": {
        "error": 0.2898254125624623, 
        "fit": "linear", 
        "value": 0.14472449919012406
    }, 
    "Ar39": {
        "error": 0.0050828908559060557, 
        "fit": "parabolic", 
        "value": 0.014656301413630439
    }, 
    "Ar40": {
        "error": 0.078959017342528914, 
        "fit": "parabolic", 
        "value": 1.2382749145314409
    }, 
    "Ar41": {
        "error": 0.12477992040652808, 
        "fit": "average_SEM", 
        "value": -0.015656356185758745
    }
}