{
    "Ar36": {
        "error": 0.0010636673669727837, 
        "fit": "parabolic", 
        "value": 0.005653094868011529
    }, 
    "Ar37": {
        "error": 0.055924596580747707, 
        "fit": "linear", 
        "value": 0.16696958312625082
    }, 
    "Ar38": {
        "error": 0.34530398469401979, 
        "fit": "linear", 
        "value": -0.10386679061062988
    }, 
    "Ar39": {
        "error": 0.054272512340788268, 
        "fit": "parabolic", 
        "value": 0.20229955103968594
    }, 
    "Ar40": {
        "error": 0.045562147156851272, 
        "fit": "parabolic", 
        "value": 1.7726699617860739
    }, 
    "Ar41": {
        "error": 0.13440005768634497, 
        "fit": "average_SEM", 
        "value": -0.17296713087678653
    }
}