{
    "Ar36": {
        "error": 0.0012384392044677364, 
        "fit": "parabolic", 
        "value": 0.0047805441873052575
    }, 
    "Ar37": {
        "error": 0.049250637881146586, 
        "fit": "linear", 
        "value": 0.15453481384435891
    }, 
    "Ar38": {
        "error": 0.26141388987165382, 
        "fit": "linear", 
        "value": 0.21273015942640944
    }, 
    "Ar39": {
        "error": 0.0073646019446920617, 
        "fit": "parabolic", 
        "value": 0.023505528724663431
    }, 
    "Ar40": {
        "error": 0.087596942311688825, 
        "fit": "parabolic", 
        "value": 1.3867515896102041
    }, 
    "Ar41": {
        "error": 0.12528359570200837, 
        "fit": "average_SEM", 
        "value": 0.0078335128228193048
    }
}