{
    "Ar36": {
        "error": 0.00095316496671415225, 
        "fit": "parabolic", 
        "value": 0.0039096032197568961
    }, 
    "Ar37": {
        "error": 0.048279064105331802, 
        "fit": "linear", 
        "value": 0.15667485218425226
    }, 
    "Ar38": {
        "error": 0.25090062585803907, 
        "fit": "linear", 
        "value": 0.036850640327151893
    }, 
    "Ar39": {
        "error": 0.056154486809111163, 
        "fit": "parabolic", 
        "value": 0.18803876742618791
    }, 
    "Ar40": {
        "error": 0.044451840038582845, 
        "fit": "parabolic", 
        "value": 1.2223049788075837
    }, 
    "Ar41": {
        "error": 0.1275704896950883, 
        "fit": "average_SEM", 
        "value": -0.11901868546410696
    }
}