{
    "Ar36": {
        "error": 0.0010992309859708758, 
        "fit": "parabolic", 
        "value": 0.0042017879552184532
    }, 
    "Ar37": {
        "error": 0.054295376636203839, 
        "fit": "linear", 
        "value": 0.15314459051413698
    }, 
    "Ar38": {
        "error": 0.25235572213323948, 
        "fit": "linear", 
        "value": 0.12775832116826347
    }, 
    "Ar39": {
        "error": 0.058465288330041033, 
        "fit": "parabolic", 
        "value": 0.17658635841848297
    }, 
    "Ar40": {
        "error": 0.052497998076980204, 
        "fit": "parabolic", 
        "value": 1.3418380962544487
    }, 
    "Ar41": {
        "error": 0.11767525809329638, 
        "fit": "average_SEM", 
        "value": -0.022669067398819607
    }
}