{
    "Ar36": {
        "error": 0.0012903330500422662, 
        "fit": "parabolic", 
        "value": 0.0043807282640001199
    }, 
    "Ar37": {
        "error": 0.051791944079685986, 
        "fit": "linear", 
        "value": 0.147632201315712
    }, 
    "Ar38": {
        "error": 0.27836489101017164, 
        "fit": "linear", 
        "value": 0.1102498159708252
    }, 
    "Ar39": {
        "error": 0.0083649487607084915, 
        "fit": "parabolic", 
        "value": 0.024074988134914793
    }, 
    "Ar40": {
        "error": 0.10135468574983307, 
        "fit": "parabolic", 
        "value": 1.2481487603531889
    }, 
    "Ar41": {
        "error": 0.12481019312192933, 
        "fit": "average_SEM", 
        "value": 0.020427921567008726
    }
}