{
    "Ar36": {
        "error": 0.0011310919416023901, 
        "fit": "parabolic", 
        "value": 0.0055908643172229103
    }, 
    "Ar37": {
        "error": 0.051119929915723741, 
        "fit": "linear", 
        "value": 0.16936346513144274
    }, 
    "Ar38": {
        "error": 0.26539650542471677, 
        "fit": "linear", 
        "value": 0.019573403706892641
    }, 
    "Ar39": {
        "error": 0.054287376927991418, 
        "fit": "parabolic", 
        "value": 0.2013518614735309
    }, 
    "Ar40": {
        "error": 0.049514696918246455, 
        "fit": "parabolic", 
        "value": 1.7772308668899008
    }, 
    "Ar41": {
        "error": 0.12326906613213487, 
        "fit": "average_SEM", 
        "value": -0.13020719966414618
    }
}