{
    "Ar36": {
        "error": 0.001048639458743175, 
        "fit": "parabolic", 
        "value": 0.0037086488494384811
    }, 
    "Ar37": {
        "error": 0.052252347948671597, 
        "fit": "linear", 
        "value": 0.15895651118152068
    }, 
    "Ar38": {
        "error": 0.25075747553590688, 
        "fit": "linear", 
        "value": 0.12085976698445183
    }, 
    "Ar39": {
        "error": 0.05709498801964679, 
        "fit": "parabolic", 
        "value": 0.16898901395864241
    }, 
    "Ar40": {
        "error": 0.050688020745134357, 
        "fit": "parabolic", 
        "value": 1.2162411450680959
    }, 
    "Ar41": {
        "error": 0.11828955460897959, 
        "fit": "average_SEM", 
        "value": -0.016378454899677309
    }
}