{
    "Ar36": {
        "error": 0.0010941980671343376, 
        "fit": "parabolic", 
        "value": 0.0046618535870541038
    }, 
    "Ar37": {
        "error": 0.052129885637607967, 
        "fit": "linear", 
        "value": 0.15599024802024852
    }, 
    "Ar38": {
        "error": 0.27887754901209022, 
        "fit": "linear", 
        "value": 0.077246372113495193
    }, 
    "Ar39": {
        "error": 0.056485288814154405, 
        "fit": "parabolic", 
        "value": 0.17100523122283998
    }, 
    "Ar40": {
        "error": 0.047243309056378816, 
        "fit": "parabolic", 
        "value": 1.5106270039270986
    }, 
    "Ar41": {
        "error": 0.12111394289855629, 
        "fit": "average_SEM", 
        "value": -0.065363707652722952
    }
}