{
    "Ar36": {
        "error": 0.0012900339622510103, 
        "fit": "parabolic", 
        "value": 0.0047601993192907428
    }, 
    "Ar37": {
        "error": 0.054615448761406123, 
        "fit": "linear", 
        "value": 0.16073178768569585
    }, 
    "Ar38": {
        "error": 0.27933187694718731, 
        "fit": "linear", 
        "value": 0.2040949088366282
    }, 
    "Ar39": {
        "error": 0.0086795594207881785, 
        "fit": "parabolic", 
        "value": 0.032866732828189603
    }, 
    "Ar40": {
        "error": 0.10586075772372196, 
        "fit": "parabolic", 
        "value": 1.3803585334637631
    }, 
    "Ar41": {
        "error": 0.12512236001710858, 
        "fit": "average_SEM", 
        "value": 0.010418034761945213
    }
}