{
    "Ar36": {
        "error": 0.0010117769741464244, 
        "fit": "parabolic", 
        "value": 0.0039274719484692772
    }, 
    "Ar37": {
        "error": 0.048644267659804279, 
        "fit": "linear", 
        "value": 0.14640521031970866
    }, 
    "Ar38": {
        "error": 0.23949294081514155, 
        "fit": "linear", 
        "value": 0.15017214607502746
    }, 
    "Ar39": {
        "error": 0.055890975482194641, 
        "fit": "parabolic", 
        "value": 0.16395337642556213
    }, 
    "Ar40": {
        "error": 0.046847157407580754, 
        "fit": "parabolic", 
        "value": 1.178572721539193
    }, 
    "Ar41": {
        "error": 0.12150999742169823, 
        "fit": "average_SEM", 
        "value": -0.0058394392955233342
    }
}