{
    "Ar36": {
        "error": 0.0010067759533742818, 
        "fit": "parabolic", 
        "value": 0.0038977654835092666
    }, 
    "Ar37": {
        "error": 0.051646813047197093, 
        "fit": "linear", 
        "value": 0.16145677141281611
    }, 
    "Ar38": {
        "error": 0.23239820293272823, 
        "fit": "linear", 
        "value": 0.053544453489413613
    }, 
    "Ar39": {
        "error": 0.060863551842433916, 
        "fit": "parabolic", 
        "value": 0.17272361793253416
    }, 
    "Ar40": {
        "error": 0.046021895248461911, 
        "fit": "parabolic", 
        "value": 1.2150950528702031
    }, 
    "Ar41": {
        "error": 0.12203498747946845, 
        "fit": "average_SEM", 
        "value": -0.057102298414320102
    }
}