{
    "Ar36": {
        "error": 0.0010724621847061427, 
        "fit": "parabolic", 
        "value": 0.0048763578206465312
    }, 
    "Ar37": {
        "error": 0.052213803017703411, 
        "fit": "linear", 
        "value": 0.16173914328101147
    }, 
    "Ar38": {
        "error": 0.25761597689700183, 
        "fit": "linear", 
        "value": 0.073472433138090376
    }, 
    "Ar39": {
        "error": 0.05653748786279602, 
        "fit": "parabolic", 
        "value": 0.18940977989682939
    }, 
    "Ar40": {
        "error": 0.050508106987346271, 
        "fit": "parabolic", 
        "value": 1.5461993489453492
    }, 
    "Ar41": {
        "error": 0.1276091561683339, 
        "fit": "average_SEM", 
        "value": -0.090239182475197591
    }
}