{
    "Ar36": {
        "error": 0.0010503031660569248, 
        "fit": "parabolic", 
        "value": 0.0036104520774006615
    }, 
    "Ar37": {
        "error": 0.053431763703719659, 
        "fit": "linear", 
        "value": 0.1518098856804127
    }, 
    "Ar38": {
        "error": 0.23291421335530707, 
        "fit": "linear", 
        "value": 0.11455805802657035
    }, 
    "Ar39": {
        "error": 0.053930694774026212, 
        "fit": "parabolic", 
        "value": 0.16145315213463504
    }, 
    "Ar40": {
        "error": 0.044369445509540154, 
        "fit": "parabolic", 
        "value": 1.1591429697929598
    }, 
    "Ar41": {
        "error": 0.12449176113640145, 
        "fit": "average_SEM", 
        "value": 0.18020939502042893
    }
}