{
    "Ar36": {
        "error": 0.0008793566346427706, 
        "fit": "parabolic", 
        "value": 0.0036582296584588784
    }, 
    "Ar37": {
        "error": 0.05137308165094228, 
        "fit": "linear", 
        "value": 0.14740220789428315
    }, 
    "Ar38": {
        "error": 0.25092088705124604, 
        "fit": "linear", 
        "value": 0.32777167492280534
    }, 
    "Ar39": {
        "error": 0.056220072686321565, 
        "fit": "parabolic", 
        "value": 0.17442212075241065
    }, 
    "Ar40": {
        "error": 0.046291130707273566, 
        "fit": "parabolic", 
        "value": 1.1415209003656206
    }, 
    "Ar41": {
        "error": 0.13063714122097547, 
        "fit": "average_SEM", 
        "value": 0.19767171548694024
    }
}