{
    "Ar36": {
        "error": 0.0010660428332833047, 
        "fit": "parabolic", 
        "value": 0.0044377143910804447
    }, 
    "Ar37": {
        "error": 0.052627917473827467, 
        "fit": "linear", 
        "value": 0.15413878621344163
    }, 
    "Ar38": {
        "error": 0.26146143723602439, 
        "fit": "linear", 
        "value": 0.063095540841839437
    }, 
    "Ar39": {
        "error": 0.054679514538008255, 
        "fit": "parabolic", 
        "value": 0.19511500127913842
    }, 
    "Ar40": {
        "error": 0.051425946105208668, 
        "fit": "parabolic", 
        "value": 1.345892400052322
    }, 
    "Ar41": {
        "error": 0.11545784386068099, 
        "fit": "average_SEM", 
        "value": 0.084303412026583827
    }
}