{
    "Ar36": {
        "error": 0.0010236285698320224, 
        "fit": "parabolic", 
        "value": 0.0042340692379282466
    }, 
    "Ar37": {
        "error": 0.053222804137514991, 
        "fit": "linear", 
        "value": 0.15609065777482056
    }, 
    "Ar38": {
        "error": 0.22381678863733792, 
        "fit": "linear", 
        "value": 0.060945708627269106
    }, 
    "Ar39": {
        "error": 0.059215467082729394, 
        "fit": "parabolic", 
        "value": 0.18997043638017155
    }, 
    "Ar40": {
        "error": 0.046841806408600001, 
        "fit": "parabolic", 
        "value": 1.2936397743433752
    }, 
    "Ar41": {
        "error": 0.12182057606329687, 
        "fit": "average_SEM", 
        "value": -0.079072087153326726
    }
}