{
    "Ar36": {
        "error": 0.0010762615744236933, 
        "fit": "parabolic", 
        "value": 0.0037032208292358667
    }, 
    "Ar37": {
        "error": 0.05466551554332208, 
        "fit": "linear", 
        "value": 0.15197953557122401
    }, 
    "Ar38": {
        "error": 0.22960071163213347, 
        "fit": "linear", 
        "value": 0.1336184808141648
    }, 
    "Ar39": {
        "error": 0.062002369132470078, 
        "fit": "parabolic", 
        "value": 0.17050128344030935
    }, 
    "Ar40": {
        "error": 0.048320178372180077, 
        "fit": "parabolic", 
        "value": 1.1454410560155766
    }, 
    "Ar41": {
        "error": 0.1140272481182311, 
        "fit": "average_SEM", 
        "value": -0.01762199262244394
    }
}