{
    "Ar36": {
        "error": 0.0011542137026537462, 
        "fit": "parabolic", 
        "value": 0.0043565806948480919
    }, 
    "Ar37": {
        "error": 0.055315330379067155, 
        "fit": "linear", 
        "value": 0.15240887292124627
    }, 
    "Ar38": {
        "error": 0.33110079998275688, 
        "fit": "linear", 
        "value": 0.17440024631994777
    }, 
    "Ar39": {
        "error": 0.0078031723797094216, 
        "fit": "parabolic", 
        "value": 0.023111158690052213
    }, 
    "Ar40": {
        "error": 0.095246251363498957, 
        "fit": "parabolic", 
        "value": 1.3048254232336953
    }, 
    "Ar41": {
        "error": 0.1282514607160064, 
        "fit": "average_SEM", 
        "value": 0.041215039721282667
    }
}