{
    "Ar36": {
        "error": 0.00092347396332654404, 
        "fit": "parabolic", 
        "value": 0.0021817263719498443
    }, 
    "Ar37": {
        "error": 0.054109867679960379, 
        "fit": "linear", 
        "value": 0.15393130759321047
    }, 
    "Ar38": {
        "error": 0.22780896304374051, 
        "fit": "linear", 
        "value": 0.13789342774999294
    }, 
    "Ar39": {
        "error": 0.0046946504004191422, 
        "fit": "parabolic", 
        "value": 0.0094640364328323068
    }, 
    "Ar40": {
        "error": 0.065290775661791381, 
        "fit": "parabolic", 
        "value": 0.75040776838225653
    }, 
    "Ar41": {
        "error": 0.13157038106716756, 
        "fit": "average_SEM", 
        "value": -0.0016794994701336287
    }
}