{
    "Ar36": {
        "error": 0.0010176252650188496, 
        "fit": "parabolic", 
        "value": 0.0040866638222897839
    }, 
    "Ar37": {
        "error": 0.052025582657070787, 
        "fit": "linear", 
        "value": 0.15772473391004457
    }, 
    "Ar38": {
        "error": 0.26314382741844633, 
        "fit": "linear", 
        "value": 0.021240602672907213
    }, 
    "Ar39": {
        "error": 0.058465016194514455, 
        "fit": "parabolic", 
        "value": 0.17642772144027796
    }, 
    "Ar40": {
        "error": 0.047632841070974118, 
        "fit": "parabolic", 
        "value": 1.2583024808196783
    }, 
    "Ar41": {
        "error": 0.12731675470687479, 
        "fit": "average_SEM", 
        "value": -0.13234955960302613
    }
}