{
    "Ar36": {
        "error": 0.001198908438069827, 
        "fit": "parabolic", 
        "value": 0.0055931827151660448
    }, 
    "Ar37": {
        "error": 0.051642842191167181, 
        "fit": "linear", 
        "value": 0.16407104897941907
    }, 
    "Ar38": {
        "error": 0.3256494689616512, 
        "fit": "linear", 
        "value": -0.087517594835643836
    }, 
    "Ar39": {
        "error": 0.057496308306003691, 
        "fit": "parabolic", 
        "value": 0.19891540557396878
    }, 
    "Ar40": {
        "error": 0.050632136218938167, 
        "fit": "parabolic", 
        "value": 1.7969745089918172
    }, 
    "Ar41": {
        "error": 0.12389748316308305, 
        "fit": "average_SEM", 
        "value": -0.15929484183841849
    }
}