{
    "Ar36": {
        "error": 0.0011666472569033808, 
        "fit": "parabolic", 
        "value": 0.0051663247240735649
    }, 
    "Ar37": {
        "error": 0.053963578696646322, 
        "fit": "linear", 
        "value": 0.15586692570706157
    }, 
    "Ar38": {
        "error": 0.31340712182779312, 
        "fit": "linear", 
        "value": -0.10851431001281076
    }, 
    "Ar39": {
        "error": 0.057142140559443846, 
        "fit": "parabolic", 
        "value": 0.17010171112874239
    }, 
    "Ar40": {
        "error": 0.047051664816763442, 
        "fit": "parabolic", 
        "value": 1.6177833354209241
    }, 
    "Ar41": {
        "error": 0.13256525836854871, 
        "fit": "average_SEM", 
        "value": -0.16059852297199539
    }
}