{
    "Ar36": {
        "error": 0.0011185228493578508, 
        "fit": "parabolic", 
        "value": 0.0043744767653430203
    }, 
    "Ar37": {
        "error": 0.053938642772634375, 
        "fit": "linear", 
        "value": 0.14655547072823194
    }, 
    "Ar38": {
        "error": 0.25288963270338494, 
        "fit": "linear", 
        "value": 0.08767846201930149
    }, 
    "Ar39": {
        "error": 0.058226970625364062, 
        "fit": "parabolic", 
        "value": 0.17799094499413876
    }, 
    "Ar40": {
        "error": 0.054151235376327884, 
        "fit": "parabolic", 
        "value": 1.3811770552209031
    }, 
    "Ar41": {
        "error": 0.12523565405944104, 
        "fit": "average_SEM", 
        "value": 0.10619097337825224
    }
}