{
    "Ar36": {
        "error": 0.0010272457873082891, 
        "fit": "parabolic", 
        "value": 0.0038644101508172359
    }, 
    "Ar37": {
        "error": 0.054857498702993328, 
        "fit": "linear", 
        "value": 0.16799608522228779
    }, 
    "Ar38": {
        "error": 0.24496975759244657, 
        "fit": "linear", 
        "value": 0.043859292998402265
    }, 
    "Ar39": {
        "error": 0.0584053377344858, 
        "fit": "parabolic", 
        "value": 0.17122371158683597
    }, 
    "Ar40": {
        "error": 0.045286923048922449, 
        "fit": "parabolic", 
        "value": 1.2457395329977974
    }, 
    "Ar41": {
        "error": 0.12497796189791757, 
        "fit": "average_SEM", 
        "value": -0.10507283207356523
    }
}