{
    "Ar36": {
        "error": 0.0010803319761943213, 
        "fit": "parabolic", 
        "value": 0.0055364025126083171
    }, 
    "Ar37": {
        "error": 0.055732276160985042, 
        "fit": "linear", 
        "value": 0.1543999218316317
    }, 
    "Ar38": {
        "error": 0.258472987720407, 
        "fit": "linear", 
        "value": 0.013016788798353576
    }, 
    "Ar39": {
        "error": 0.056359872559644961, 
        "fit": "parabolic", 
        "value": 0.17010491376367598
    }, 
    "Ar40": {
        "error": 0.043849091698685325, 
        "fit": "parabolic", 
        "value": 1.6952302197682805
    }, 
    "Ar41": {
        "error": 0.12657032031000826, 
        "fit": "average_SEM", 
        "value": 0.083059941988776698
    }
}