{
    "Ar36": {
        "error": 0.00087379811881563372, 
        "fit": "parabolic", 
        "value": 0.002249797225714396
    }, 
    "Ar37": {
        "error": 0.055571691499857093, 
        "fit": "linear", 
        "value": 0.15348918496061831
    }, 
    "Ar38": {
        "error": 0.20779452452871297, 
        "fit": "linear", 
        "value": 0.11098712580219083
    }, 
    "Ar39": {
        "error": 0.0047396186664199098, 
        "fit": "parabolic", 
        "value": 0.0091019882829428758
    }, 
    "Ar40": {
        "error": 0.059501407227008335, 
        "fit": "parabolic", 
        "value": 0.73143574092352837
    }, 
    "Ar41": {
        "error": 0.120596638812111, 
        "fit": "average_SEM", 
        "value": -0.014202723074089995
    }
}