{
    "Ar36": {
        "error": 0.0013235965245015837, 
        "fit": "parabolic", 
        "value": 0.0062444940597527858
    }, 
    "Ar37": {
        "error": 0.052446664855597153, 
        "fit": "linear", 
        "value": 0.020531396638954601
    }, 
    "Ar38": {
        "error": 0.3334701451115209, 
        "fit": "linear", 
        "value": 0.1284980595641079
    }, 
    "Ar39": {
        "error": 0.0094330163820417097, 
        "fit": "parabolic", 
        "value": 0.035689534387729753
    }, 
    "Ar40": {
        "error": 0.13060475210718245, 
        "fit": "parabolic", 
        "value": 1.8967695700724154
    }, 
    "Ar41": {
        "error": 0.1316088721047744, 
        "fit": "average_SEM", 
        "value": 0.005551198943349947
    }
}